-- ====================================================================
-- NEW ENTITIES - SOURCE seed data
-- database: Bank_Source
-- ====================================================================

SET NOCOUNT ON;
USE [Bank_Source];
GO

-- ---- dbo.SRC_Employees (6 rows) ----
DELETE FROM dbo.SRC_Employees;
INSERT INTO dbo.SRC_Employees ([EmployeeID], [EmployeeCode], [FirstName], [LastName], [Email], [Phone], [Designation], [BranchID], [Salary], [HireDate], [Status], [CreatedDate], [UpdatedDate]) VALUES (1, 'EMP0001', 'Rahul', 'Sharma', 'employee1@bank.com', '9000000001', 'Teller', 101, 50000, '2021-01-15', 'Active', '2024-01-01 09:00:00', NULL);
INSERT INTO dbo.SRC_Employees ([EmployeeID], [EmployeeCode], [FirstName], [LastName], [Email], [Phone], [Designation], [BranchID], [Salary], [HireDate], [Status], [CreatedDate], [UpdatedDate]) VALUES (2, 'EMP0002', 'Priya', 'Verma', 'employee2@bank.com', '9000000002', 'Manager', 102, 55000, '2021-02-15', 'Active', '2024-01-01 09:00:00', NULL);
INSERT INTO dbo.SRC_Employees ([EmployeeID], [EmployeeCode], [FirstName], [LastName], [Email], [Phone], [Designation], [BranchID], [Salary], [HireDate], [Status], [CreatedDate], [UpdatedDate]) VALUES (3, 'EMP0003', 'Amit', 'Kumar', 'employee3@bank.com', '9000000003', 'Analyst', 103, 60000, '2021-03-15', 'OnLeave', '2024-01-01 09:00:00', NULL);
INSERT INTO dbo.SRC_Employees ([EmployeeID], [EmployeeCode], [FirstName], [LastName], [Email], [Phone], [Designation], [BranchID], [Salary], [HireDate], [Status], [CreatedDate], [UpdatedDate]) VALUES (4, 'EMP0004', 'Sneha', 'Reddy', 'employee4@bank.com', '9000000004', 'Officer', 104, 65000, '2021-04-15', 'Active', '2024-01-01 09:00:00', NULL);
INSERT INTO dbo.SRC_Employees ([EmployeeID], [EmployeeCode], [FirstName], [LastName], [Email], [Phone], [Designation], [BranchID], [Salary], [HireDate], [Status], [CreatedDate], [UpdatedDate]) VALUES (5, 'EMP0005', 'Vikram', 'Singh', 'employee5@bank.com', '9000000005', 'Cashier', 105, 70000, '2021-05-15', 'Inactive', '2024-01-01 09:00:00', NULL);
INSERT INTO dbo.SRC_Employees ([EmployeeID], [EmployeeCode], [FirstName], [LastName], [Email], [Phone], [Designation], [BranchID], [Salary], [HireDate], [Status], [CreatedDate], [UpdatedDate]) VALUES (6, 'EMP0006', 'Neha', 'Gupta', 'employee6@bank.com', '9000000006', 'Advisor', 101, 75000, '2021-06-15', 'Active', '2024-01-01 09:00:00', NULL);
GO

-- ---- dbo.SRC_Loans (6 rows) ----
DELETE FROM dbo.SRC_Loans;
INSERT INTO dbo.SRC_Loans ([LoanID], [LoanNumber], [CustomerID], [ProductType], [PrincipalAmount], [InterestRate], [TermMonths], [DisbursementDate], [OutstandingAmount], [Status], [CreatedDate], [UpdatedDate]) VALUES (1, 'LN000001', 1, 'Home', 100000, 7.75, 12, '2023-01-10', 95000, 'Active', '2024-01-01 09:00:00', NULL);
INSERT INTO dbo.SRC_Loans ([LoanID], [LoanNumber], [CustomerID], [ProductType], [PrincipalAmount], [InterestRate], [TermMonths], [DisbursementDate], [OutstandingAmount], [Status], [CreatedDate], [UpdatedDate]) VALUES (2, 'LN000002', 2, 'Auto', 200000, 8.0, 24, '2023-02-10', 190000, 'Active', '2024-01-01 09:00:00', NULL);
INSERT INTO dbo.SRC_Loans ([LoanID], [LoanNumber], [CustomerID], [ProductType], [PrincipalAmount], [InterestRate], [TermMonths], [DisbursementDate], [OutstandingAmount], [Status], [CreatedDate], [UpdatedDate]) VALUES (3, 'LN000003', 3, 'Personal', 300000, 8.25, 36, '2023-03-10', 285000, 'Closed', '2024-01-01 09:00:00', NULL);
INSERT INTO dbo.SRC_Loans ([LoanID], [LoanNumber], [CustomerID], [ProductType], [PrincipalAmount], [InterestRate], [TermMonths], [DisbursementDate], [OutstandingAmount], [Status], [CreatedDate], [UpdatedDate]) VALUES (4, 'LN000004', 4, 'Education', 400000, 8.5, 48, '2023-04-10', 380000, 'Active', '2024-01-01 09:00:00', NULL);
INSERT INTO dbo.SRC_Loans ([LoanID], [LoanNumber], [CustomerID], [ProductType], [PrincipalAmount], [InterestRate], [TermMonths], [DisbursementDate], [OutstandingAmount], [Status], [CreatedDate], [UpdatedDate]) VALUES (5, 'LN000005', 5, 'Business', 500000, 8.75, 60, '2023-05-10', 475000, 'Pending', '2024-01-01 09:00:00', NULL);
INSERT INTO dbo.SRC_Loans ([LoanID], [LoanNumber], [CustomerID], [ProductType], [PrincipalAmount], [InterestRate], [TermMonths], [DisbursementDate], [OutstandingAmount], [Status], [CreatedDate], [UpdatedDate]) VALUES (6, 'LN000006', 6, 'Home', 600000, 9.0, 72, '2023-06-10', 570000, 'Defaulted', '2024-01-01 09:00:00', NULL);
GO

-- ---- dbo.SRC_Cards (6 rows) ----
DELETE FROM dbo.SRC_Cards;
INSERT INTO dbo.SRC_Cards ([CardID], [CardNumber], [AccountID], [CardType], [Network], [CreditLimit], [IssueDate], [ExpiryDate], [Status], [CreatedDate], [UpdatedDate]) VALUES (1, '4111XXXXXXXX0001', 1001, 'Debit', 'Visa', 50000, '2022-01-01', '2027-01-01', 'Active', '2024-01-01 09:00:00', NULL);
INSERT INTO dbo.SRC_Cards ([CardID], [CardNumber], [AccountID], [CardType], [Network], [CreditLimit], [IssueDate], [ExpiryDate], [Status], [CreatedDate], [UpdatedDate]) VALUES (2, '4111XXXXXXXX0002', 1002, 'Credit', 'Mastercard', 100000, '2022-02-01', '2027-02-01', 'Active', '2024-01-01 09:00:00', NULL);
INSERT INTO dbo.SRC_Cards ([CardID], [CardNumber], [AccountID], [CardType], [Network], [CreditLimit], [IssueDate], [ExpiryDate], [Status], [CreatedDate], [UpdatedDate]) VALUES (3, '4111XXXXXXXX0003', 1003, 'Debit', 'RuPay', 150000, '2022-03-01', '2027-03-01', 'Blocked', '2024-01-01 09:00:00', NULL);
INSERT INTO dbo.SRC_Cards ([CardID], [CardNumber], [AccountID], [CardType], [Network], [CreditLimit], [IssueDate], [ExpiryDate], [Status], [CreatedDate], [UpdatedDate]) VALUES (4, '4111XXXXXXXX0004', 1004, 'Prepaid', 'Amex', 200000, '2022-04-01', '2027-04-01', 'Active', '2024-01-01 09:00:00', NULL);
INSERT INTO dbo.SRC_Cards ([CardID], [CardNumber], [AccountID], [CardType], [Network], [CreditLimit], [IssueDate], [ExpiryDate], [Status], [CreatedDate], [UpdatedDate]) VALUES (5, '4111XXXXXXXX0005', 1005, 'Credit', 'Visa', 250000, '2022-05-01', '2027-05-01', 'Expired', '2024-01-01 09:00:00', NULL);
INSERT INTO dbo.SRC_Cards ([CardID], [CardNumber], [AccountID], [CardType], [Network], [CreditLimit], [IssueDate], [ExpiryDate], [Status], [CreatedDate], [UpdatedDate]) VALUES (6, '4111XXXXXXXX0006', 1006, 'Debit', 'Mastercard', 300000, '2022-06-01', '2027-06-01', 'Active', '2024-01-01 09:00:00', NULL);
GO

-- ---- dbo.SRC_Merchants (6 rows) ----
DELETE FROM dbo.SRC_Merchants;
INSERT INTO dbo.SRC_Merchants ([MerchantID], [MerchantCode], [MerchantName], [Category], [City], [Country], [Status], [CreatedDate], [UpdatedDate]) VALUES (1, 'MER0001', 'Big Bazaar', 'Retail', 'Delhi', 'India', 'Active', '2024-01-01 09:00:00', NULL);
INSERT INTO dbo.SRC_Merchants ([MerchantID], [MerchantCode], [MerchantName], [Category], [City], [Country], [Status], [CreatedDate], [UpdatedDate]) VALUES (2, 'MER0002', 'Amazon', 'Ecommerce', 'Mumbai', 'India', 'Active', '2024-01-01 09:00:00', NULL);
INSERT INTO dbo.SRC_Merchants ([MerchantID], [MerchantCode], [MerchantName], [Category], [City], [Country], [Status], [CreatedDate], [UpdatedDate]) VALUES (3, 'MER0003', 'Flipkart', 'Ecommerce', 'Bengaluru', 'India', 'Active', '2024-01-01 09:00:00', NULL);
INSERT INTO dbo.SRC_Merchants ([MerchantID], [MerchantCode], [MerchantName], [Category], [City], [Country], [Status], [CreatedDate], [UpdatedDate]) VALUES (4, 'MER0004', 'Reliance', 'Retail', 'Mumbai', 'India', 'Suspended', '2024-01-01 09:00:00', NULL);
INSERT INTO dbo.SRC_Merchants ([MerchantID], [MerchantCode], [MerchantName], [Category], [City], [Country], [Status], [CreatedDate], [UpdatedDate]) VALUES (5, 'MER0005', 'Croma', 'Electronics', 'Pune', 'India', 'Active', '2024-01-01 09:00:00', NULL);
INSERT INTO dbo.SRC_Merchants ([MerchantID], [MerchantCode], [MerchantName], [Category], [City], [Country], [Status], [CreatedDate], [UpdatedDate]) VALUES (6, 'MER0006', 'Zomato', 'Food', 'Gurgaon', 'India', 'Inactive', '2024-01-01 09:00:00', NULL);
GO

-- ---- dbo.SRC_CardTransactions (20 rows) ----
DELETE FROM dbo.SRC_CardTransactions;
INSERT INTO dbo.SRC_CardTransactions ([CardTransactionID], [CardID], [MerchantID], [CardTxnNumber], [TxnDate], [Amount], [CurrencyCode], [TxnType], [Status], [CreatedDate], [UpdatedDate]) VALUES (1, 1, 1, 'CTX00000001', '2024-01-01 12:30:00', 1250, 'INR', 'Purchase', 'Approved', '2024-01-01 09:00:00', NULL);
INSERT INTO dbo.SRC_CardTransactions ([CardTransactionID], [CardID], [MerchantID], [CardTxnNumber], [TxnDate], [Amount], [CurrencyCode], [TxnType], [Status], [CreatedDate], [UpdatedDate]) VALUES (2, 2, 2, 'CTX00000002', '2024-01-02 12:30:00', 1500, 'INR', 'Withdrawal', 'Approved', '2024-01-01 09:00:00', NULL);
INSERT INTO dbo.SRC_CardTransactions ([CardTransactionID], [CardID], [MerchantID], [CardTxnNumber], [TxnDate], [Amount], [CurrencyCode], [TxnType], [Status], [CreatedDate], [UpdatedDate]) VALUES (3, 3, 3, 'CTX00000003', '2024-01-03 12:30:00', 1750, 'INR', 'Refund', 'Declined', '2024-01-01 09:00:00', NULL);
INSERT INTO dbo.SRC_CardTransactions ([CardTransactionID], [CardID], [MerchantID], [CardTxnNumber], [TxnDate], [Amount], [CurrencyCode], [TxnType], [Status], [CreatedDate], [UpdatedDate]) VALUES (4, 4, 4, 'CTX00000004', '2024-01-04 12:30:00', 2000, 'INR', 'Reversal', 'Pending', '2024-01-01 09:00:00', NULL);
INSERT INTO dbo.SRC_CardTransactions ([CardTransactionID], [CardID], [MerchantID], [CardTxnNumber], [TxnDate], [Amount], [CurrencyCode], [TxnType], [Status], [CreatedDate], [UpdatedDate]) VALUES (5, 5, 5, 'CTX00000005', '2024-01-05 12:30:00', 2250, 'INR', 'Purchase', 'Approved', '2024-01-01 09:00:00', NULL);
INSERT INTO dbo.SRC_CardTransactions ([CardTransactionID], [CardID], [MerchantID], [CardTxnNumber], [TxnDate], [Amount], [CurrencyCode], [TxnType], [Status], [CreatedDate], [UpdatedDate]) VALUES (6, 6, 6, 'CTX00000006', '2024-01-06 12:30:00', 2500, 'INR', 'Withdrawal', 'Approved', '2024-01-01 09:00:00', NULL);
INSERT INTO dbo.SRC_CardTransactions ([CardTransactionID], [CardID], [MerchantID], [CardTxnNumber], [TxnDate], [Amount], [CurrencyCode], [TxnType], [Status], [CreatedDate], [UpdatedDate]) VALUES (7, 1, 1, 'CTX00000007', '2024-01-07 12:30:00', 2750, 'INR', 'Refund', 'Declined', '2024-01-01 09:00:00', NULL);
INSERT INTO dbo.SRC_CardTransactions ([CardTransactionID], [CardID], [MerchantID], [CardTxnNumber], [TxnDate], [Amount], [CurrencyCode], [TxnType], [Status], [CreatedDate], [UpdatedDate]) VALUES (8, 2, 2, 'CTX00000008', '2024-01-08 12:30:00', 3000, 'INR', 'Reversal', 'Pending', '2024-01-01 09:00:00', NULL);
INSERT INTO dbo.SRC_CardTransactions ([CardTransactionID], [CardID], [MerchantID], [CardTxnNumber], [TxnDate], [Amount], [CurrencyCode], [TxnType], [Status], [CreatedDate], [UpdatedDate]) VALUES (9, 3, 3, 'CTX00000009', '2024-01-09 12:30:00', 3250, 'INR', 'Purchase', 'Approved', '2024-01-01 09:00:00', NULL);
INSERT INTO dbo.SRC_CardTransactions ([CardTransactionID], [CardID], [MerchantID], [CardTxnNumber], [TxnDate], [Amount], [CurrencyCode], [TxnType], [Status], [CreatedDate], [UpdatedDate]) VALUES (10, 4, 4, 'CTX00000010', '2024-01-10 12:30:00', 3500, 'INR', 'Withdrawal', 'Approved', '2024-01-01 09:00:00', NULL);
INSERT INTO dbo.SRC_CardTransactions ([CardTransactionID], [CardID], [MerchantID], [CardTxnNumber], [TxnDate], [Amount], [CurrencyCode], [TxnType], [Status], [CreatedDate], [UpdatedDate]) VALUES (11, 5, 5, 'CTX00000011', '2024-01-11 12:30:00', 3750, 'INR', 'Refund', 'Declined', '2024-01-01 09:00:00', NULL);
INSERT INTO dbo.SRC_CardTransactions ([CardTransactionID], [CardID], [MerchantID], [CardTxnNumber], [TxnDate], [Amount], [CurrencyCode], [TxnType], [Status], [CreatedDate], [UpdatedDate]) VALUES (12, 6, 6, 'CTX00000012', '2024-01-12 12:30:00', 4000, 'INR', 'Reversal', 'Pending', '2024-01-01 09:00:00', NULL);
INSERT INTO dbo.SRC_CardTransactions ([CardTransactionID], [CardID], [MerchantID], [CardTxnNumber], [TxnDate], [Amount], [CurrencyCode], [TxnType], [Status], [CreatedDate], [UpdatedDate]) VALUES (13, 1, 1, 'CTX00000013', '2024-01-13 12:30:00', 4250, 'INR', 'Purchase', 'Approved', '2024-01-01 09:00:00', NULL);
INSERT INTO dbo.SRC_CardTransactions ([CardTransactionID], [CardID], [MerchantID], [CardTxnNumber], [TxnDate], [Amount], [CurrencyCode], [TxnType], [Status], [CreatedDate], [UpdatedDate]) VALUES (14, 2, 2, 'CTX00000014', '2024-01-14 12:30:00', 4500, 'INR', 'Withdrawal', 'Approved', '2024-01-01 09:00:00', NULL);
INSERT INTO dbo.SRC_CardTransactions ([CardTransactionID], [CardID], [MerchantID], [CardTxnNumber], [TxnDate], [Amount], [CurrencyCode], [TxnType], [Status], [CreatedDate], [UpdatedDate]) VALUES (15, 3, 3, 'CTX00000015', '2024-01-15 12:30:00', 4750, 'INR', 'Refund', 'Declined', '2024-01-01 09:00:00', NULL);
INSERT INTO dbo.SRC_CardTransactions ([CardTransactionID], [CardID], [MerchantID], [CardTxnNumber], [TxnDate], [Amount], [CurrencyCode], [TxnType], [Status], [CreatedDate], [UpdatedDate]) VALUES (16, 4, 4, 'CTX00000016', '2024-01-16 12:30:00', 5000, 'INR', 'Reversal', 'Pending', '2024-01-01 09:00:00', NULL);
INSERT INTO dbo.SRC_CardTransactions ([CardTransactionID], [CardID], [MerchantID], [CardTxnNumber], [TxnDate], [Amount], [CurrencyCode], [TxnType], [Status], [CreatedDate], [UpdatedDate]) VALUES (17, 5, 5, 'CTX00000017', '2024-01-17 12:30:00', 5250, 'INR', 'Purchase', 'Approved', '2024-01-01 09:00:00', NULL);
INSERT INTO dbo.SRC_CardTransactions ([CardTransactionID], [CardID], [MerchantID], [CardTxnNumber], [TxnDate], [Amount], [CurrencyCode], [TxnType], [Status], [CreatedDate], [UpdatedDate]) VALUES (18, 6, 6, 'CTX00000018', '2024-01-18 12:30:00', 5500, 'INR', 'Withdrawal', 'Approved', '2024-01-01 09:00:00', NULL);
INSERT INTO dbo.SRC_CardTransactions ([CardTransactionID], [CardID], [MerchantID], [CardTxnNumber], [TxnDate], [Amount], [CurrencyCode], [TxnType], [Status], [CreatedDate], [UpdatedDate]) VALUES (19, 1, 1, 'CTX00000019', '2024-01-19 12:30:00', 5750, 'INR', 'Refund', 'Declined', '2024-01-01 09:00:00', NULL);
INSERT INTO dbo.SRC_CardTransactions ([CardTransactionID], [CardID], [MerchantID], [CardTxnNumber], [TxnDate], [Amount], [CurrencyCode], [TxnType], [Status], [CreatedDate], [UpdatedDate]) VALUES (20, 2, 2, 'CTX00000020', '2024-01-20 12:30:00', 6000, 'INR', 'Reversal', 'Pending', '2024-01-01 09:00:00', NULL);
GO

-- ---- dbo.SRC_LoanPayments (20 rows) ----
DELETE FROM dbo.SRC_LoanPayments;
INSERT INTO dbo.SRC_LoanPayments ([LoanPaymentID], [LoanID], [PaymentNumber], [PaymentDate], [PaymentAmount], [PrincipalComponent], [InterestComponent], [PaymentMethod], [CreatedDate], [UpdatedDate]) VALUES (1, 1, 'LP00000001', '2024-02-01', 6000, 4800, 1200, 'Cash', '2024-01-01 09:00:00', NULL);
INSERT INTO dbo.SRC_LoanPayments ([LoanPaymentID], [LoanID], [PaymentNumber], [PaymentDate], [PaymentAmount], [PrincipalComponent], [InterestComponent], [PaymentMethod], [CreatedDate], [UpdatedDate]) VALUES (2, 2, 'LP00000002', '2024-02-02', 7000, 5600, 1400, 'Cheque', '2024-01-01 09:00:00', NULL);
INSERT INTO dbo.SRC_LoanPayments ([LoanPaymentID], [LoanID], [PaymentNumber], [PaymentDate], [PaymentAmount], [PrincipalComponent], [InterestComponent], [PaymentMethod], [CreatedDate], [UpdatedDate]) VALUES (3, 3, 'LP00000003', '2024-02-03', 8000, 6400, 1600, 'Online', '2024-01-01 09:00:00', NULL);
INSERT INTO dbo.SRC_LoanPayments ([LoanPaymentID], [LoanID], [PaymentNumber], [PaymentDate], [PaymentAmount], [PrincipalComponent], [InterestComponent], [PaymentMethod], [CreatedDate], [UpdatedDate]) VALUES (4, 4, 'LP00000004', '2024-02-04', 9000, 7200, 1800, 'AutoDebit', '2024-01-01 09:00:00', NULL);
INSERT INTO dbo.SRC_LoanPayments ([LoanPaymentID], [LoanID], [PaymentNumber], [PaymentDate], [PaymentAmount], [PrincipalComponent], [InterestComponent], [PaymentMethod], [CreatedDate], [UpdatedDate]) VALUES (5, 5, 'LP00000005', '2024-02-05', 10000, 8000, 2000, 'Cash', '2024-01-01 09:00:00', NULL);
INSERT INTO dbo.SRC_LoanPayments ([LoanPaymentID], [LoanID], [PaymentNumber], [PaymentDate], [PaymentAmount], [PrincipalComponent], [InterestComponent], [PaymentMethod], [CreatedDate], [UpdatedDate]) VALUES (6, 6, 'LP00000006', '2024-02-06', 11000, 8800, 2200, 'Cheque', '2024-01-01 09:00:00', NULL);
INSERT INTO dbo.SRC_LoanPayments ([LoanPaymentID], [LoanID], [PaymentNumber], [PaymentDate], [PaymentAmount], [PrincipalComponent], [InterestComponent], [PaymentMethod], [CreatedDate], [UpdatedDate]) VALUES (7, 1, 'LP00000007', '2024-02-07', 12000, 9600, 2400, 'Online', '2024-01-01 09:00:00', NULL);
INSERT INTO dbo.SRC_LoanPayments ([LoanPaymentID], [LoanID], [PaymentNumber], [PaymentDate], [PaymentAmount], [PrincipalComponent], [InterestComponent], [PaymentMethod], [CreatedDate], [UpdatedDate]) VALUES (8, 2, 'LP00000008', '2024-02-08', 13000, 10400, 2600, 'AutoDebit', '2024-01-01 09:00:00', NULL);
INSERT INTO dbo.SRC_LoanPayments ([LoanPaymentID], [LoanID], [PaymentNumber], [PaymentDate], [PaymentAmount], [PrincipalComponent], [InterestComponent], [PaymentMethod], [CreatedDate], [UpdatedDate]) VALUES (9, 3, 'LP00000009', '2024-02-09', 14000, 11200, 2800, 'Cash', '2024-01-01 09:00:00', NULL);
INSERT INTO dbo.SRC_LoanPayments ([LoanPaymentID], [LoanID], [PaymentNumber], [PaymentDate], [PaymentAmount], [PrincipalComponent], [InterestComponent], [PaymentMethod], [CreatedDate], [UpdatedDate]) VALUES (10, 4, 'LP00000010', '2024-02-10', 15000, 12000, 3000, 'Cheque', '2024-01-01 09:00:00', NULL);
INSERT INTO dbo.SRC_LoanPayments ([LoanPaymentID], [LoanID], [PaymentNumber], [PaymentDate], [PaymentAmount], [PrincipalComponent], [InterestComponent], [PaymentMethod], [CreatedDate], [UpdatedDate]) VALUES (11, 5, 'LP00000011', '2024-02-11', 16000, 12800, 3200, 'Online', '2024-01-01 09:00:00', NULL);
INSERT INTO dbo.SRC_LoanPayments ([LoanPaymentID], [LoanID], [PaymentNumber], [PaymentDate], [PaymentAmount], [PrincipalComponent], [InterestComponent], [PaymentMethod], [CreatedDate], [UpdatedDate]) VALUES (12, 6, 'LP00000012', '2024-02-12', 17000, 13600, 3400, 'AutoDebit', '2024-01-01 09:00:00', NULL);
INSERT INTO dbo.SRC_LoanPayments ([LoanPaymentID], [LoanID], [PaymentNumber], [PaymentDate], [PaymentAmount], [PrincipalComponent], [InterestComponent], [PaymentMethod], [CreatedDate], [UpdatedDate]) VALUES (13, 1, 'LP00000013', '2024-02-13', 18000, 14400, 3600, 'Cash', '2024-01-01 09:00:00', NULL);
INSERT INTO dbo.SRC_LoanPayments ([LoanPaymentID], [LoanID], [PaymentNumber], [PaymentDate], [PaymentAmount], [PrincipalComponent], [InterestComponent], [PaymentMethod], [CreatedDate], [UpdatedDate]) VALUES (14, 2, 'LP00000014', '2024-02-14', 19000, 15200, 3800, 'Cheque', '2024-01-01 09:00:00', NULL);
INSERT INTO dbo.SRC_LoanPayments ([LoanPaymentID], [LoanID], [PaymentNumber], [PaymentDate], [PaymentAmount], [PrincipalComponent], [InterestComponent], [PaymentMethod], [CreatedDate], [UpdatedDate]) VALUES (15, 3, 'LP00000015', '2024-02-15', 20000, 16000, 4000, 'Online', '2024-01-01 09:00:00', NULL);
INSERT INTO dbo.SRC_LoanPayments ([LoanPaymentID], [LoanID], [PaymentNumber], [PaymentDate], [PaymentAmount], [PrincipalComponent], [InterestComponent], [PaymentMethod], [CreatedDate], [UpdatedDate]) VALUES (16, 4, 'LP00000016', '2024-02-16', 21000, 16800, 4200, 'AutoDebit', '2024-01-01 09:00:00', NULL);
INSERT INTO dbo.SRC_LoanPayments ([LoanPaymentID], [LoanID], [PaymentNumber], [PaymentDate], [PaymentAmount], [PrincipalComponent], [InterestComponent], [PaymentMethod], [CreatedDate], [UpdatedDate]) VALUES (17, 5, 'LP00000017', '2024-02-17', 22000, 17600, 4400, 'Cash', '2024-01-01 09:00:00', NULL);
INSERT INTO dbo.SRC_LoanPayments ([LoanPaymentID], [LoanID], [PaymentNumber], [PaymentDate], [PaymentAmount], [PrincipalComponent], [InterestComponent], [PaymentMethod], [CreatedDate], [UpdatedDate]) VALUES (18, 6, 'LP00000018', '2024-02-18', 23000, 18400, 4600, 'Cheque', '2024-01-01 09:00:00', NULL);
INSERT INTO dbo.SRC_LoanPayments ([LoanPaymentID], [LoanID], [PaymentNumber], [PaymentDate], [PaymentAmount], [PrincipalComponent], [InterestComponent], [PaymentMethod], [CreatedDate], [UpdatedDate]) VALUES (19, 1, 'LP00000019', '2024-02-19', 24000, 19200, 4800, 'Online', '2024-01-01 09:00:00', NULL);
INSERT INTO dbo.SRC_LoanPayments ([LoanPaymentID], [LoanID], [PaymentNumber], [PaymentDate], [PaymentAmount], [PrincipalComponent], [InterestComponent], [PaymentMethod], [CreatedDate], [UpdatedDate]) VALUES (20, 2, 'LP00000020', '2024-02-20', 25000, 20000, 5000, 'AutoDebit', '2024-01-01 09:00:00', NULL);
GO
