-- =====================================================================
-- FULL RESET & RELOAD  -  all 4 layers
-- Golden snapshot of source data  |  database: Bank_Source
-- Generated: 2026-07-19 01:03:22
-- Generated by GoldenTestData/generate_golden_data.py (READ-ONLY snapshot)
-- =====================================================================

-- Run this whole file in SSMS (or sqlcmd). It performs, in order:
--   STEP 1: DELETE all rows from every table in all 4 layers
--   STEP 2: INSERT the golden data back into the SOURCE tables
--   STEP 3: EXEC the load stored procedures (Source -> PreStaging ->
--           Staging -> DWH) so every layer is reloaded from Source.
--
-- SET XACT_ABORT ON stops the run on the first error so a half-load
-- can never happen.

SET XACT_ABORT ON;
SET NOCOUNT ON;
GO

-- =====================================================================
-- STEP 1 : DELETE all data from all 4 layers (children before parents)
-- =====================================================================
USE [Bank_DWH];
GO
DELETE FROM dbo.FactTransaction;
DELETE FROM dbo.DimAccount_Type1;
DELETE FROM dbo.DimBranch_Type2;
DELETE FROM dbo.DimCustomer_Type2;
DELETE FROM dbo.FactCardTransaction;
DELETE FROM dbo.FactLoanPayment;
DELETE FROM dbo.DimCard_Type1;
DELETE FROM dbo.DimMerchant_Type1;
DELETE FROM dbo.DimLoan_Type2;
DELETE FROM dbo.DimEmployee_Type2;
GO

USE [Bank_Staging];
GO
DELETE FROM dbo.STG_Transactions;
DELETE FROM dbo.STG_Accounts;
DELETE FROM dbo.STG_Customers;
DELETE FROM dbo.STG_Branches;
DELETE FROM dbo.STG_CardTransactions;
DELETE FROM dbo.STG_LoanPayments;
DELETE FROM dbo.STG_Cards;
DELETE FROM dbo.STG_Merchants;
DELETE FROM dbo.STG_Loans;
DELETE FROM dbo.STG_Employees;
GO

USE [Bank_PreStaging];
GO
DELETE FROM dbo.PS_Transactions;
DELETE FROM dbo.PS_Accounts;
DELETE FROM dbo.PS_Customers;
DELETE FROM dbo.PS_Branches;
DELETE FROM dbo.PS_CardTransactions;
DELETE FROM dbo.PS_LoanPayments;
DELETE FROM dbo.PS_Cards;
DELETE FROM dbo.PS_Merchants;
DELETE FROM dbo.PS_Loans;
DELETE FROM dbo.PS_Employees;
GO

USE [Bank_Source];
GO
DELETE FROM dbo.SRC_Transactions;
DELETE FROM dbo.SRC_Accounts;
DELETE FROM dbo.SRC_Customers;
DELETE FROM dbo.SRC_Branches;
DELETE FROM dbo.SRC_CardTransactions;
DELETE FROM dbo.SRC_LoanPayments;
DELETE FROM dbo.SRC_Cards;
DELETE FROM dbo.SRC_Merchants;
DELETE FROM dbo.SRC_Loans;
DELETE FROM dbo.SRC_Employees;
GO

-- =====================================================================
-- STEP 2 : INSERT golden data into the SOURCE tables (parents first)
-- =====================================================================
USE [Bank_Source];
GO
-- ---- dbo.SRC_Branches (5 row(s)) ----
INSERT INTO dbo.SRC_Branches ([BranchID], [BranchCode], [BranchName], [City], [StateName], [Country], [ManagerName], [CreatedDate], [UpdatedDate]) VALUES (101, 'BR001', 'Delhi Central Branch', 'Delhi', 'UP', 'India', 'Suresh Malhotra', '2022-01-01 09:00:00.000', NULL);
INSERT INTO dbo.SRC_Branches ([BranchID], [BranchCode], [BranchName], [City], [StateName], [Country], [ManagerName], [CreatedDate], [UpdatedDate]) VALUES (102, 'BR002', 'Mumbai Andheri Branch', 'Mumbai', 'Maharashtra', 'India', 'Anita Desai', '2022-01-05 09:00:00.000', NULL);
INSERT INTO dbo.SRC_Branches ([BranchID], [BranchCode], [BranchName], [City], [StateName], [Country], [ManagerName], [CreatedDate], [UpdatedDate]) VALUES (103, 'BR003', 'Kolkata Salt Lake Branch', 'Kolkata', 'West Bengal', 'India', 'Subhash Bose', '2022-01-10 09:00:00.000', NULL);
INSERT INTO dbo.SRC_Branches ([BranchID], [BranchCode], [BranchName], [City], [StateName], [Country], [ManagerName], [CreatedDate], [UpdatedDate]) VALUES (104, 'BR004', 'Hyderabad Jubilee Branch', 'Hyderabad', 'Telangana', 'India', 'Ramesh Rao', '2022-01-15 09:00:00.000', NULL);
INSERT INTO dbo.SRC_Branches ([BranchID], [BranchCode], [BranchName], [City], [StateName], [Country], [ManagerName], [CreatedDate], [UpdatedDate]) VALUES (105, 'BR005', 'Bengaluru Indiranagar', 'Bengaluru', 'Karnataka', 'India', 'Meera Iyer', '2022-01-20 09:00:00.000', NULL);

-- ---- dbo.SRC_Customers (10 row(s)) ----
INSERT INTO dbo.SRC_Customers ([CustomerID], [CustomerCode], [CustomerName], [DOB], [Gender], [Email], [Phone], [AddressLine], [City], [StateName], [Country], [CreatedDate], [UpdatedDate]) VALUES (1, 'CUST0001', 'Rahul Sharma', '1988-04-12', 'Male', 'abc_Test@gmail.com', '9876543210', 'A-101 Green Park', 'Delhi', 'Delhi', 'India', '2023-01-10 09:15:00.000', NULL);
INSERT INTO dbo.SRC_Customers ([CustomerID], [CustomerCode], [CustomerName], [DOB], [Gender], [Email], [Phone], [AddressLine], [City], [StateName], [Country], [CreatedDate], [UpdatedDate]) VALUES (2, 'CUST0002', 'Priya Verma', '1092-08-25', 'Female', 'priya.verma@email.com', '9876543211', 'B-202 Andheri East', 'Mumbai', 'Maharashtra', 'India', '2023-01-12 10:20:00.000', NULL);
INSERT INTO dbo.SRC_Customers ([CustomerID], [CustomerCode], [CustomerName], [DOB], [Gender], [Email], [Phone], [AddressLine], [City], [StateName], [Country], [CreatedDate], [UpdatedDate]) VALUES (3, 'CUST0003', 'Amit Kumar', '1985-11-03', 'Male', 'amit.kumar@email.com', '9876543212', 'C-303 Salt Lake', 'Kolkata', 'West Bengal', 'India', '2023-01-15 11:30:00.000', NULL);
INSERT INTO dbo.SRC_Customers ([CustomerID], [CustomerCode], [CustomerName], [DOB], [Gender], [Email], [Phone], [AddressLine], [City], [StateName], [Country], [CreatedDate], [UpdatedDate]) VALUES (4, 'CUST0004', 'Sneha Reddy', '1990-02-18', 'Female', 'sneha.reddy@email.com', '9876543213', 'D-404 Jubilee Hills', 'Hyderabad', 'Telangana', 'India', '2023-02-01 12:40:00.000', NULL);
INSERT INTO dbo.SRC_Customers ([CustomerID], [CustomerCode], [CustomerName], [DOB], [Gender], [Email], [Phone], [AddressLine], [City], [StateName], [Country], [CreatedDate], [UpdatedDate]) VALUES (5, 'CUST0005', 'Vikram Singh', '1979-06-30', 'Male', 'vikram.singh@email.com', '9876543214', 'E-505 Vaishali Nagar', 'Jaipur', 'Rajasthan', 'India', '2023-02-05 14:10:00.000', NULL);
INSERT INTO dbo.SRC_Customers ([CustomerID], [CustomerCode], [CustomerName], [DOB], [Gender], [Email], [Phone], [AddressLine], [City], [StateName], [Country], [CreatedDate], [UpdatedDate]) VALUES (6, 'CUST0006', 'Neha Gupta', '1995-09-14', 'Female', 'neha.gupta@email.com', '9876543215', 'F-606 Indiranagar', 'Bengaluru', 'Karnataka', 'India', '2023-02-10 15:25:00.000', NULL);
INSERT INTO dbo.SRC_Customers ([CustomerID], [CustomerCode], [CustomerName], [DOB], [Gender], [Email], [Phone], [AddressLine], [City], [StateName], [Country], [CreatedDate], [UpdatedDate]) VALUES (7, 'CUST0007', 'Arjun Mehta', '1983-12-09', 'Male', 'arjun.mehta@email.com', '9876543216', 'G-707 Model Town', 'Chandigarh', 'Chandigarh', 'India', '2023-03-02 16:35:00.000', NULL);
INSERT INTO dbo.SRC_Customers ([CustomerID], [CustomerCode], [CustomerName], [DOB], [Gender], [Email], [Phone], [AddressLine], [City], [StateName], [Country], [CreatedDate], [UpdatedDate]) VALUES (8, 'CUST0008', 'Kavita Joshi', '1991-01-21', 'Female', 'kavita.joshi@email.com', '9876543217', 'H-808 Kothrud', 'Pune', 'Maharashtra', 'India', '2023-03-07 17:45:00.000', NULL);
INSERT INTO dbo.SRC_Customers ([CustomerID], [CustomerCode], [CustomerName], [DOB], [Gender], [Email], [Phone], [AddressLine], [City], [StateName], [Country], [CreatedDate], [UpdatedDate]) VALUES (9, 'CUST0009', 'Manish Agarwal', '1987-07-07', 'Male', 'manish.agarwal@email.com', '9876543218', 'I-909 Civil Lines', 'Lucknow', 'Uttar Pradesh', 'India', '2023-03-11 09:50:00.000', NULL);
INSERT INTO dbo.SRC_Customers ([CustomerID], [CustomerCode], [CustomerName], [DOB], [Gender], [Email], [Phone], [AddressLine], [City], [StateName], [Country], [CreatedDate], [UpdatedDate]) VALUES (10, 'CUST0010', 'Pooja Nair', '1993-05-19', 'Female', 'pooja.nair@email.com', '9876543219', 'J-110 MG Road', 'Kochi', 'Kerala', 'India', '2023-03-20 10:55:00.000', NULL);

-- ---- dbo.SRC_Accounts (10 row(s)) ----
INSERT INTO dbo.SRC_Accounts ([AccountID], [AccountNumber], [CustomerID], [AccountType], [OpenDate], [CloseDate], [Status], [Balance], [CurrencyCode], [CreatedDate], [UpdatedDate]) VALUES (1001, 'AC0000001001', 1, 'Savings', '2023-01-11', NULL, 'Active', 25000.00, 'INR', '2023-01-11 09:30:00.000', NULL);
INSERT INTO dbo.SRC_Accounts ([AccountID], [AccountNumber], [CustomerID], [AccountType], [OpenDate], [CloseDate], [Status], [Balance], [CurrencyCode], [CreatedDate], [UpdatedDate]) VALUES (1002, 'AC0000001002', 2, 'Current', '2023-01-23', NULL, 'Active', 100.00, 'INR', '2023-01-13 10:30:00.000', NULL);
INSERT INTO dbo.SRC_Accounts ([AccountID], [AccountNumber], [CustomerID], [AccountType], [OpenDate], [CloseDate], [Status], [Balance], [CurrencyCode], [CreatedDate], [UpdatedDate]) VALUES (1003, 'AC0000001003', 3, 'Savings', '2023-01-16', NULL, 'Active', 15000.75, 'INR', '2023-01-16 11:30:00.000', NULL);
INSERT INTO dbo.SRC_Accounts ([AccountID], [AccountNumber], [CustomerID], [AccountType], [OpenDate], [CloseDate], [Status], [Balance], [CurrencyCode], [CreatedDate], [UpdatedDate]) VALUES (1004, 'AC0000001004', 4, 'Salary', '2023-02-02', NULL, 'Active', 55000.00, 'INR', '2023-02-02 12:30:00.000', NULL);
INSERT INTO dbo.SRC_Accounts ([AccountID], [AccountNumber], [CustomerID], [AccountType], [OpenDate], [CloseDate], [Status], [Balance], [CurrencyCode], [CreatedDate], [UpdatedDate]) VALUES (1005, 'AC0000001005', 5, 'Savings', '2023-02-06', NULL, 'Active', 125000.25, 'INR', '2023-02-06 13:30:00.000', NULL);
INSERT INTO dbo.SRC_Accounts ([AccountID], [AccountNumber], [CustomerID], [AccountType], [OpenDate], [CloseDate], [Status], [Balance], [CurrencyCode], [CreatedDate], [UpdatedDate]) VALUES (1006, 'AC0000001006', 6, 'Current', '2023-02-11', NULL, 'Active', 300000.00, 'INR', '2023-02-11 14:30:00.000', NULL);
INSERT INTO dbo.SRC_Accounts ([AccountID], [AccountNumber], [CustomerID], [AccountType], [OpenDate], [CloseDate], [Status], [Balance], [CurrencyCode], [CreatedDate], [UpdatedDate]) VALUES (1007, 'AC0000001007', 7, 'Savings', '2023-03-03', NULL, 'Active', 48000.00, 'INR', '2023-03-03 15:30:00.000', NULL);
INSERT INTO dbo.SRC_Accounts ([AccountID], [AccountNumber], [CustomerID], [AccountType], [OpenDate], [CloseDate], [Status], [Balance], [CurrencyCode], [CreatedDate], [UpdatedDate]) VALUES (1008, 'AC0000001008', 8, 'Salary', '2023-03-08', NULL, 'Active', 72000.00, 'INR', '2023-03-08 16:30:00.000', NULL);
INSERT INTO dbo.SRC_Accounts ([AccountID], [AccountNumber], [CustomerID], [AccountType], [OpenDate], [CloseDate], [Status], [Balance], [CurrencyCode], [CreatedDate], [UpdatedDate]) VALUES (1009, 'AC0000001009', 9, 'Savings', '2023-03-12', NULL, 'Active', 9800.00, 'INR', '2023-03-12 17:30:00.000', NULL);
INSERT INTO dbo.SRC_Accounts ([AccountID], [AccountNumber], [CustomerID], [AccountType], [OpenDate], [CloseDate], [Status], [Balance], [CurrencyCode], [CreatedDate], [UpdatedDate]) VALUES (1010, 'AC0000001010', 10, 'Current', '2023-03-21', NULL, 'Active', 215000.00, 'INR', '2023-03-21 18:30:00.000', NULL);

-- ---- dbo.SRC_Transactions (20 row(s)) ----
INSERT INTO dbo.SRC_Transactions ([TransactionID], [TransactionNumber], [AccountID], [BranchID], [TransactionDate], [TransactionType], [Amount], [CurrencyCode], [Description], [CreatedDate]) VALUES (50001, 'TXN202301110001', 1001, 101, '2023-01-11 10:00:00.000', 'Credit', 25000.00, 'INR', 'Initial deposit', '2023-01-11 10:01:00.000');
INSERT INTO dbo.SRC_Transactions ([TransactionID], [TransactionNumber], [AccountID], [BranchID], [TransactionDate], [TransactionType], [Amount], [CurrencyCode], [Description], [CreatedDate]) VALUES (50002, 'TXN202301130001', 1002, 102, '2023-01-13 11:00:00.000', 'Credit', 85000.50, 'INR', 'Business account deposit', '2023-01-13 11:01:00.000');
INSERT INTO dbo.SRC_Transactions ([TransactionID], [TransactionNumber], [AccountID], [BranchID], [TransactionDate], [TransactionType], [Amount], [CurrencyCode], [Description], [CreatedDate]) VALUES (50003, 'TXN202301160001', 1003, 103, '2023-01-16 12:00:00.000', 'Credit', 15000.75, 'INR', 'Cash deposit', '2023-01-16 12:01:00.000');
INSERT INTO dbo.SRC_Transactions ([TransactionID], [TransactionNumber], [AccountID], [BranchID], [TransactionDate], [TransactionType], [Amount], [CurrencyCode], [Description], [CreatedDate]) VALUES (50004, 'TXN202302020001', 1004, 104, '2023-02-02 13:00:00.000', 'Credit', 55000.00, 'INR', 'Salary credit', '2023-02-02 13:01:00.000');
INSERT INTO dbo.SRC_Transactions ([TransactionID], [TransactionNumber], [AccountID], [BranchID], [TransactionDate], [TransactionType], [Amount], [CurrencyCode], [Description], [CreatedDate]) VALUES (50005, 'TXN202302060001', 1005, 101, '2023-02-06 14:00:00.000', 'Credit', 125000.25, 'INR', 'FD maturity credit', '2023-02-06 14:01:00.000');
INSERT INTO dbo.SRC_Transactions ([TransactionID], [TransactionNumber], [AccountID], [BranchID], [TransactionDate], [TransactionType], [Amount], [CurrencyCode], [Description], [CreatedDate]) VALUES (50006, 'TXN202302110001', 1006, 105, '2023-02-11 15:00:00.000', 'Credit', 300000.00, 'INR', 'Corporate deposit', '2023-02-11 15:01:00.000');
INSERT INTO dbo.SRC_Transactions ([TransactionID], [TransactionNumber], [AccountID], [BranchID], [TransactionDate], [TransactionType], [Amount], [CurrencyCode], [Description], [CreatedDate]) VALUES (50007, 'TXN202303030001', 1007, 101, '2023-03-03 16:00:00.000', 'Credit', 48000.00, 'INR', 'Savings deposit', '2023-03-03 16:01:00.000');
INSERT INTO dbo.SRC_Transactions ([TransactionID], [TransactionNumber], [AccountID], [BranchID], [TransactionDate], [TransactionType], [Amount], [CurrencyCode], [Description], [CreatedDate]) VALUES (50008, 'TXN202303080001', 1008, 102, '2023-03-08 17:00:00.000', 'Credit', 72000.00, 'INR', 'Salary credit', '2023-03-08 17:01:00.000');
INSERT INTO dbo.SRC_Transactions ([TransactionID], [TransactionNumber], [AccountID], [BranchID], [TransactionDate], [TransactionType], [Amount], [CurrencyCode], [Description], [CreatedDate]) VALUES (50009, 'TXN202303120001', 1009, 103, '2023-03-12 18:00:00.000', 'Credit', 9800.00, 'INR', 'Cash deposit', '2023-03-12 18:01:00.000');
INSERT INTO dbo.SRC_Transactions ([TransactionID], [TransactionNumber], [AccountID], [BranchID], [TransactionDate], [TransactionType], [Amount], [CurrencyCode], [Description], [CreatedDate]) VALUES (50010, 'TXN202303210001', 1010, 104, '2023-03-21 19:00:00.000', 'Credit', 215000.00, 'INR', 'Business deposit', '2023-03-21 19:01:00.000');
INSERT INTO dbo.SRC_Transactions ([TransactionID], [TransactionNumber], [AccountID], [BranchID], [TransactionDate], [TransactionType], [Amount], [CurrencyCode], [Description], [CreatedDate]) VALUES (50011, 'TXN202304010001', 1001, 101, '2023-04-01 09:00:00.000', 'Debit', 3500.00, 'INR', 'ATM withdrawal', '2023-04-01 09:01:00.000');
INSERT INTO dbo.SRC_Transactions ([TransactionID], [TransactionNumber], [AccountID], [BranchID], [TransactionDate], [TransactionType], [Amount], [CurrencyCode], [Description], [CreatedDate]) VALUES (50012, 'TXN202304020001', 1002, 102, '2023-04-02 10:00:00.000', 'Debit', 12000.00, 'INR', 'Vendor payment', '2023-04-02 10:01:00.000');
INSERT INTO dbo.SRC_Transactions ([TransactionID], [TransactionNumber], [AccountID], [BranchID], [TransactionDate], [TransactionType], [Amount], [CurrencyCode], [Description], [CreatedDate]) VALUES (50013, 'TXN202304030001', 1003, 103, '2023-04-03 11:00:00.000', 'Debit', 2500.00, 'INR', 'UPI payment', '2023-04-03 11:01:00.000');
INSERT INTO dbo.SRC_Transactions ([TransactionID], [TransactionNumber], [AccountID], [BranchID], [TransactionDate], [TransactionType], [Amount], [CurrencyCode], [Description], [CreatedDate]) VALUES (50014, 'TXN202304040001', 1004, 104, '2023-04-04 12:00:00.000', 'Debit', 7800.00, 'INR', 'Online shopping', '2023-04-04 12:01:00.000');
INSERT INTO dbo.SRC_Transactions ([TransactionID], [TransactionNumber], [AccountID], [BranchID], [TransactionDate], [TransactionType], [Amount], [CurrencyCode], [Description], [CreatedDate]) VALUES (50015, 'TXN202304050001', 1005, 101, '2023-04-05 13:00:00.000', 'Credit', 20000.00, 'INR', 'Interest credit', '2023-04-05 13:01:00.000');
INSERT INTO dbo.SRC_Transactions ([TransactionID], [TransactionNumber], [AccountID], [BranchID], [TransactionDate], [TransactionType], [Amount], [CurrencyCode], [Description], [CreatedDate]) VALUES (50016, 'TXN202304060001', 1006, 105, '2023-04-06 14:00:00.000', 'Debit', 45000.00, 'INR', 'Supplier payment', '2023-04-06 14:01:00.000');
INSERT INTO dbo.SRC_Transactions ([TransactionID], [TransactionNumber], [AccountID], [BranchID], [TransactionDate], [TransactionType], [Amount], [CurrencyCode], [Description], [CreatedDate]) VALUES (50017, 'TXN202304070001', 1007, 101, '2023-04-07 15:00:00.000', 'Debit', 5100.00, 'INR', 'Card payment', '2023-04-07 15:01:00.000');
INSERT INTO dbo.SRC_Transactions ([TransactionID], [TransactionNumber], [AccountID], [BranchID], [TransactionDate], [TransactionType], [Amount], [CurrencyCode], [Description], [CreatedDate]) VALUES (50018, 'TXN202304080001', 1008, 102, '2023-04-08 16:00:00.000', 'Credit', 72000.00, 'INR', 'Monthly salary credit', '2023-04-08 16:01:00.000');
INSERT INTO dbo.SRC_Transactions ([TransactionID], [TransactionNumber], [AccountID], [BranchID], [TransactionDate], [TransactionType], [Amount], [CurrencyCode], [Description], [CreatedDate]) VALUES (50019, 'TXN202304090001', 1009, 103, '2023-04-09 17:00:00.000', 'Debit', 1800.00, 'INR', 'Mobile recharge', '2023-04-09 17:01:00.000');
INSERT INTO dbo.SRC_Transactions ([TransactionID], [TransactionNumber], [AccountID], [BranchID], [TransactionDate], [TransactionType], [Amount], [CurrencyCode], [Description], [CreatedDate]) VALUES (50020, 'TXN202304100001', 1010, 104, '2023-04-10 18:00:00.000', 'Debit', 30000.00, 'INR', 'Office rent payment', '2023-04-10 18:01:00.000');

-- ---- dbo.SRC_Employees (6 row(s)) ----
INSERT INTO dbo.SRC_Employees ([EmployeeID], [EmployeeCode], [FirstName], [LastName], [Email], [Phone], [Designation], [BranchID], [Salary], [HireDate], [Status], [CreatedDate], [UpdatedDate]) VALUES (1, 'EMP0001', 'Rahul', 'Sharma', 'employee1@bank.com', '9000000001', 'Teller', 101, 50000.00, '2021-01-15', 'Active', '2024-01-01 09:00:00.000', NULL);
INSERT INTO dbo.SRC_Employees ([EmployeeID], [EmployeeCode], [FirstName], [LastName], [Email], [Phone], [Designation], [BranchID], [Salary], [HireDate], [Status], [CreatedDate], [UpdatedDate]) VALUES (2, 'EMP0002', 'Priya', 'Verma', 'employee2@bank.com', '9000000002', 'Manager', 102, 55000.00, '2021-02-15', 'Active', '2024-01-01 09:00:00.000', NULL);
INSERT INTO dbo.SRC_Employees ([EmployeeID], [EmployeeCode], [FirstName], [LastName], [Email], [Phone], [Designation], [BranchID], [Salary], [HireDate], [Status], [CreatedDate], [UpdatedDate]) VALUES (3, 'EMP0003', 'Amit', 'Kumar', 'employee3@bank.com', '9000000003', 'Analyst', 103, 60000.00, '2021-03-15', 'OnLeave', '2024-01-01 09:00:00.000', NULL);
INSERT INTO dbo.SRC_Employees ([EmployeeID], [EmployeeCode], [FirstName], [LastName], [Email], [Phone], [Designation], [BranchID], [Salary], [HireDate], [Status], [CreatedDate], [UpdatedDate]) VALUES (4, 'EMP0004', 'Sneha', 'Reddy', 'employee4@bank.com', '9000000004', 'Officer', 104, 65000.00, '2021-04-15', 'Active', '2024-01-01 09:00:00.000', NULL);
INSERT INTO dbo.SRC_Employees ([EmployeeID], [EmployeeCode], [FirstName], [LastName], [Email], [Phone], [Designation], [BranchID], [Salary], [HireDate], [Status], [CreatedDate], [UpdatedDate]) VALUES (5, 'EMP0005', 'Vikram', 'Singh', 'employee5@bank.com', '9000000005', 'Cashier', 105, 70000.00, '2021-05-15', 'Inactive', '2024-01-01 09:00:00.000', NULL);
INSERT INTO dbo.SRC_Employees ([EmployeeID], [EmployeeCode], [FirstName], [LastName], [Email], [Phone], [Designation], [BranchID], [Salary], [HireDate], [Status], [CreatedDate], [UpdatedDate]) VALUES (6, 'EMP0006', 'Neha', 'Gupta', 'employee6@bank.com', '9000000006', 'Advisor', 101, 75000.00, '2021-06-15', 'Active', '2024-01-01 09:00:00.000', NULL);

-- ---- dbo.SRC_Loans (6 row(s)) ----
INSERT INTO dbo.SRC_Loans ([LoanID], [LoanNumber], [CustomerID], [ProductType], [PrincipalAmount], [InterestRate], [TermMonths], [DisbursementDate], [OutstandingAmount], [Status], [CreatedDate], [UpdatedDate]) VALUES (1, 'LN000001', 1, 'Home', 100000.00, 7.7500, 12, '2023-01-10', 95000.00, 'Active', '2024-01-01 09:00:00.000', NULL);
INSERT INTO dbo.SRC_Loans ([LoanID], [LoanNumber], [CustomerID], [ProductType], [PrincipalAmount], [InterestRate], [TermMonths], [DisbursementDate], [OutstandingAmount], [Status], [CreatedDate], [UpdatedDate]) VALUES (2, 'LN000002', 2, 'Auto', 200000.00, 8.0000, 24, '2023-02-10', 190000.00, 'Active', '2024-01-01 09:00:00.000', NULL);
INSERT INTO dbo.SRC_Loans ([LoanID], [LoanNumber], [CustomerID], [ProductType], [PrincipalAmount], [InterestRate], [TermMonths], [DisbursementDate], [OutstandingAmount], [Status], [CreatedDate], [UpdatedDate]) VALUES (3, 'LN000003', 3, 'Personal', 300000.00, 8.2500, 36, '2023-03-10', 285000.00, 'Closed', '2024-01-01 09:00:00.000', NULL);
INSERT INTO dbo.SRC_Loans ([LoanID], [LoanNumber], [CustomerID], [ProductType], [PrincipalAmount], [InterestRate], [TermMonths], [DisbursementDate], [OutstandingAmount], [Status], [CreatedDate], [UpdatedDate]) VALUES (4, 'LN000004', 4, 'Education', 400000.00, 8.5000, 48, '2023-04-10', 380000.00, 'Active', '2024-01-01 09:00:00.000', NULL);
INSERT INTO dbo.SRC_Loans ([LoanID], [LoanNumber], [CustomerID], [ProductType], [PrincipalAmount], [InterestRate], [TermMonths], [DisbursementDate], [OutstandingAmount], [Status], [CreatedDate], [UpdatedDate]) VALUES (5, 'LN000005', 5, 'Business', 500000.00, 8.7500, 60, '2023-05-10', 475000.00, 'Pending', '2024-01-01 09:00:00.000', NULL);
INSERT INTO dbo.SRC_Loans ([LoanID], [LoanNumber], [CustomerID], [ProductType], [PrincipalAmount], [InterestRate], [TermMonths], [DisbursementDate], [OutstandingAmount], [Status], [CreatedDate], [UpdatedDate]) VALUES (6, 'LN000006', 6, 'Home', 600000.00, 9.0000, 72, '2023-06-10', 570000.00, 'Defaulted', '2024-01-01 09:00:00.000', NULL);

-- ---- dbo.SRC_Cards (6 row(s)) ----
INSERT INTO dbo.SRC_Cards ([CardID], [CardNumber], [AccountID], [CardType], [Network], [CreditLimit], [IssueDate], [ExpiryDate], [Status], [CreatedDate], [UpdatedDate]) VALUES (1, '4111XXXXXXXX0001', 1001, 'Debit', 'Visa', 50000.00, '2022-01-01', '2027-01-01', 'Active', '2024-01-01 09:00:00.000', NULL);
INSERT INTO dbo.SRC_Cards ([CardID], [CardNumber], [AccountID], [CardType], [Network], [CreditLimit], [IssueDate], [ExpiryDate], [Status], [CreatedDate], [UpdatedDate]) VALUES (2, '4111XXXXXXXX0002', 1002, 'Credit', 'Mastercard', 100000.00, '2022-02-01', '2027-02-01', 'Active', '2024-01-01 09:00:00.000', NULL);
INSERT INTO dbo.SRC_Cards ([CardID], [CardNumber], [AccountID], [CardType], [Network], [CreditLimit], [IssueDate], [ExpiryDate], [Status], [CreatedDate], [UpdatedDate]) VALUES (3, '4111XXXXXXXX0003', 1003, 'Debit', 'RuPay', 150000.00, '2022-03-01', '2027-03-01', 'Blocked', '2024-01-01 09:00:00.000', NULL);
INSERT INTO dbo.SRC_Cards ([CardID], [CardNumber], [AccountID], [CardType], [Network], [CreditLimit], [IssueDate], [ExpiryDate], [Status], [CreatedDate], [UpdatedDate]) VALUES (4, '4111XXXXXXXX0004', 1004, 'Prepaid', 'Amex', 200000.00, '2022-04-01', '2027-04-01', 'Active', '2024-01-01 09:00:00.000', NULL);
INSERT INTO dbo.SRC_Cards ([CardID], [CardNumber], [AccountID], [CardType], [Network], [CreditLimit], [IssueDate], [ExpiryDate], [Status], [CreatedDate], [UpdatedDate]) VALUES (5, '4111XXXXXXXX0005', 1005, 'Credit', 'Visa', 250000.00, '2022-05-01', '2027-05-01', 'Expired', '2024-01-01 09:00:00.000', NULL);
INSERT INTO dbo.SRC_Cards ([CardID], [CardNumber], [AccountID], [CardType], [Network], [CreditLimit], [IssueDate], [ExpiryDate], [Status], [CreatedDate], [UpdatedDate]) VALUES (6, '4111XXXXXXXX0006', 1006, 'Debit', 'Mastercard', 300000.00, '2022-06-01', '2027-06-01', 'Active', '2024-01-01 09:00:00.000', NULL);

-- ---- dbo.SRC_Merchants (6 row(s)) ----
INSERT INTO dbo.SRC_Merchants ([MerchantID], [MerchantCode], [MerchantName], [Category], [City], [Country], [Status], [CreatedDate], [UpdatedDate]) VALUES (1, 'MER0001', 'Big Bazaar', 'Retail', 'Delhi', 'India', 'Active', '2024-01-01 09:00:00.000', NULL);
INSERT INTO dbo.SRC_Merchants ([MerchantID], [MerchantCode], [MerchantName], [Category], [City], [Country], [Status], [CreatedDate], [UpdatedDate]) VALUES (2, 'MER0002', 'Amazon', 'Ecommerce', 'Mumbai', 'India', 'Active', '2024-01-01 09:00:00.000', NULL);
INSERT INTO dbo.SRC_Merchants ([MerchantID], [MerchantCode], [MerchantName], [Category], [City], [Country], [Status], [CreatedDate], [UpdatedDate]) VALUES (3, 'MER0003', 'Flipkart', 'Ecommerce', 'Bengaluru', 'India', 'Active', '2024-01-01 09:00:00.000', NULL);
INSERT INTO dbo.SRC_Merchants ([MerchantID], [MerchantCode], [MerchantName], [Category], [City], [Country], [Status], [CreatedDate], [UpdatedDate]) VALUES (4, 'MER0004', 'Reliance', 'Retail', 'Mumbai', 'India', 'Suspended', '2024-01-01 09:00:00.000', NULL);
INSERT INTO dbo.SRC_Merchants ([MerchantID], [MerchantCode], [MerchantName], [Category], [City], [Country], [Status], [CreatedDate], [UpdatedDate]) VALUES (5, 'MER0005', 'Croma', 'Electronics', 'Pune', 'India', 'Active', '2024-01-01 09:00:00.000', NULL);
INSERT INTO dbo.SRC_Merchants ([MerchantID], [MerchantCode], [MerchantName], [Category], [City], [Country], [Status], [CreatedDate], [UpdatedDate]) VALUES (6, 'MER0006', 'Zomato', 'Food', 'Gurgaon', 'India', 'Inactive', '2024-01-01 09:00:00.000', NULL);

-- ---- dbo.SRC_CardTransactions (20 row(s)) ----
INSERT INTO dbo.SRC_CardTransactions ([CardTransactionID], [CardID], [MerchantID], [CardTxnNumber], [TxnDate], [Amount], [CurrencyCode], [TxnType], [Status], [CreatedDate], [UpdatedDate]) VALUES (1, 1, 1, 'CTX00000001', '2024-01-01 12:30:00.000', 1250.00, 'INR', 'Purchase', 'Approved', '2024-01-01 09:00:00.000', NULL);
INSERT INTO dbo.SRC_CardTransactions ([CardTransactionID], [CardID], [MerchantID], [CardTxnNumber], [TxnDate], [Amount], [CurrencyCode], [TxnType], [Status], [CreatedDate], [UpdatedDate]) VALUES (2, 2, 2, 'CTX00000002', '2024-01-02 12:30:00.000', 1500.00, 'INR', 'Withdrawal', 'Approved', '2024-01-01 09:00:00.000', NULL);
INSERT INTO dbo.SRC_CardTransactions ([CardTransactionID], [CardID], [MerchantID], [CardTxnNumber], [TxnDate], [Amount], [CurrencyCode], [TxnType], [Status], [CreatedDate], [UpdatedDate]) VALUES (3, 3, 3, 'CTX00000003', '2024-01-03 12:30:00.000', 1750.00, 'INR', 'Refund', 'Declined', '2024-01-01 09:00:00.000', NULL);
INSERT INTO dbo.SRC_CardTransactions ([CardTransactionID], [CardID], [MerchantID], [CardTxnNumber], [TxnDate], [Amount], [CurrencyCode], [TxnType], [Status], [CreatedDate], [UpdatedDate]) VALUES (4, 4, 4, 'CTX00000004', '2024-01-04 12:30:00.000', 2000.00, 'INR', 'Reversal', 'Pending', '2024-01-01 09:00:00.000', NULL);
INSERT INTO dbo.SRC_CardTransactions ([CardTransactionID], [CardID], [MerchantID], [CardTxnNumber], [TxnDate], [Amount], [CurrencyCode], [TxnType], [Status], [CreatedDate], [UpdatedDate]) VALUES (5, 5, 5, 'CTX00000005', '2024-01-05 12:30:00.000', 2250.00, 'INR', 'Purchase', 'Approved', '2024-01-01 09:00:00.000', NULL);
INSERT INTO dbo.SRC_CardTransactions ([CardTransactionID], [CardID], [MerchantID], [CardTxnNumber], [TxnDate], [Amount], [CurrencyCode], [TxnType], [Status], [CreatedDate], [UpdatedDate]) VALUES (6, 6, 6, 'CTX00000006', '2024-01-06 12:30:00.000', 2500.00, 'INR', 'Withdrawal', 'Approved', '2024-01-01 09:00:00.000', NULL);
INSERT INTO dbo.SRC_CardTransactions ([CardTransactionID], [CardID], [MerchantID], [CardTxnNumber], [TxnDate], [Amount], [CurrencyCode], [TxnType], [Status], [CreatedDate], [UpdatedDate]) VALUES (7, 1, 1, 'CTX00000007', '2024-01-07 12:30:00.000', 2750.00, 'INR', 'Refund', 'Declined', '2024-01-01 09:00:00.000', NULL);
INSERT INTO dbo.SRC_CardTransactions ([CardTransactionID], [CardID], [MerchantID], [CardTxnNumber], [TxnDate], [Amount], [CurrencyCode], [TxnType], [Status], [CreatedDate], [UpdatedDate]) VALUES (8, 2, 2, 'CTX00000008', '2024-01-08 12:30:00.000', 3000.00, 'INR', 'Reversal', 'Pending', '2024-01-01 09:00:00.000', NULL);
INSERT INTO dbo.SRC_CardTransactions ([CardTransactionID], [CardID], [MerchantID], [CardTxnNumber], [TxnDate], [Amount], [CurrencyCode], [TxnType], [Status], [CreatedDate], [UpdatedDate]) VALUES (9, 3, 3, 'CTX00000009', '2024-01-09 12:30:00.000', 3250.00, 'INR', 'Purchase', 'Approved', '2024-01-01 09:00:00.000', NULL);
INSERT INTO dbo.SRC_CardTransactions ([CardTransactionID], [CardID], [MerchantID], [CardTxnNumber], [TxnDate], [Amount], [CurrencyCode], [TxnType], [Status], [CreatedDate], [UpdatedDate]) VALUES (10, 4, 4, 'CTX00000010', '2024-01-10 12:30:00.000', 3500.00, 'INR', 'Withdrawal', 'Approved', '2024-01-01 09:00:00.000', NULL);
INSERT INTO dbo.SRC_CardTransactions ([CardTransactionID], [CardID], [MerchantID], [CardTxnNumber], [TxnDate], [Amount], [CurrencyCode], [TxnType], [Status], [CreatedDate], [UpdatedDate]) VALUES (11, 5, 5, 'CTX00000011', '2024-01-11 12:30:00.000', 3750.00, 'INR', 'Refund', 'Declined', '2024-01-01 09:00:00.000', NULL);
INSERT INTO dbo.SRC_CardTransactions ([CardTransactionID], [CardID], [MerchantID], [CardTxnNumber], [TxnDate], [Amount], [CurrencyCode], [TxnType], [Status], [CreatedDate], [UpdatedDate]) VALUES (12, 6, 6, 'CTX00000012', '2024-01-12 12:30:00.000', 4000.00, 'INR', 'Reversal', 'Pending', '2024-01-01 09:00:00.000', NULL);
INSERT INTO dbo.SRC_CardTransactions ([CardTransactionID], [CardID], [MerchantID], [CardTxnNumber], [TxnDate], [Amount], [CurrencyCode], [TxnType], [Status], [CreatedDate], [UpdatedDate]) VALUES (13, 1, 1, 'CTX00000013', '2024-01-13 12:30:00.000', 4250.00, 'INR', 'Purchase', 'Approved', '2024-01-01 09:00:00.000', NULL);
INSERT INTO dbo.SRC_CardTransactions ([CardTransactionID], [CardID], [MerchantID], [CardTxnNumber], [TxnDate], [Amount], [CurrencyCode], [TxnType], [Status], [CreatedDate], [UpdatedDate]) VALUES (14, 2, 2, 'CTX00000014', '2024-01-14 12:30:00.000', 4500.00, 'INR', 'Withdrawal', 'Approved', '2024-01-01 09:00:00.000', NULL);
INSERT INTO dbo.SRC_CardTransactions ([CardTransactionID], [CardID], [MerchantID], [CardTxnNumber], [TxnDate], [Amount], [CurrencyCode], [TxnType], [Status], [CreatedDate], [UpdatedDate]) VALUES (15, 3, 3, 'CTX00000015', '2024-01-15 12:30:00.000', 4750.00, 'INR', 'Refund', 'Declined', '2024-01-01 09:00:00.000', NULL);
INSERT INTO dbo.SRC_CardTransactions ([CardTransactionID], [CardID], [MerchantID], [CardTxnNumber], [TxnDate], [Amount], [CurrencyCode], [TxnType], [Status], [CreatedDate], [UpdatedDate]) VALUES (16, 4, 4, 'CTX00000016', '2024-01-16 12:30:00.000', 5000.00, 'INR', 'Reversal', 'Pending', '2024-01-01 09:00:00.000', NULL);
INSERT INTO dbo.SRC_CardTransactions ([CardTransactionID], [CardID], [MerchantID], [CardTxnNumber], [TxnDate], [Amount], [CurrencyCode], [TxnType], [Status], [CreatedDate], [UpdatedDate]) VALUES (17, 5, 5, 'CTX00000017', '2024-01-17 12:30:00.000', 5250.00, 'INR', 'Purchase', 'Approved', '2024-01-01 09:00:00.000', NULL);
INSERT INTO dbo.SRC_CardTransactions ([CardTransactionID], [CardID], [MerchantID], [CardTxnNumber], [TxnDate], [Amount], [CurrencyCode], [TxnType], [Status], [CreatedDate], [UpdatedDate]) VALUES (18, 6, 6, 'CTX00000018', '2024-01-18 12:30:00.000', 5500.00, 'INR', 'Withdrawal', 'Approved', '2024-01-01 09:00:00.000', NULL);
INSERT INTO dbo.SRC_CardTransactions ([CardTransactionID], [CardID], [MerchantID], [CardTxnNumber], [TxnDate], [Amount], [CurrencyCode], [TxnType], [Status], [CreatedDate], [UpdatedDate]) VALUES (19, 1, 1, 'CTX00000019', '2024-01-19 12:30:00.000', 5750.00, 'INR', 'Refund', 'Declined', '2024-01-01 09:00:00.000', NULL);
INSERT INTO dbo.SRC_CardTransactions ([CardTransactionID], [CardID], [MerchantID], [CardTxnNumber], [TxnDate], [Amount], [CurrencyCode], [TxnType], [Status], [CreatedDate], [UpdatedDate]) VALUES (20, 2, 2, 'CTX00000020', '2024-01-20 12:30:00.000', 6000.00, 'INR', 'Reversal', 'Pending', '2024-01-01 09:00:00.000', NULL);

-- ---- dbo.SRC_LoanPayments (20 row(s)) ----
INSERT INTO dbo.SRC_LoanPayments ([LoanPaymentID], [LoanID], [PaymentNumber], [PaymentDate], [PaymentAmount], [PrincipalComponent], [InterestComponent], [PaymentMethod], [CreatedDate], [UpdatedDate]) VALUES (1, 1, 'LP00000001', '2024-02-01', 6000.00, 4800.00, 1200.00, 'Cash', '2024-01-01 09:00:00.000', NULL);
INSERT INTO dbo.SRC_LoanPayments ([LoanPaymentID], [LoanID], [PaymentNumber], [PaymentDate], [PaymentAmount], [PrincipalComponent], [InterestComponent], [PaymentMethod], [CreatedDate], [UpdatedDate]) VALUES (2, 2, 'LP00000002', '2024-02-02', 7000.00, 5600.00, 1400.00, 'Cheque', '2024-01-01 09:00:00.000', NULL);
INSERT INTO dbo.SRC_LoanPayments ([LoanPaymentID], [LoanID], [PaymentNumber], [PaymentDate], [PaymentAmount], [PrincipalComponent], [InterestComponent], [PaymentMethod], [CreatedDate], [UpdatedDate]) VALUES (3, 3, 'LP00000003', '2024-02-03', 8000.00, 6400.00, 1600.00, 'Online', '2024-01-01 09:00:00.000', NULL);
INSERT INTO dbo.SRC_LoanPayments ([LoanPaymentID], [LoanID], [PaymentNumber], [PaymentDate], [PaymentAmount], [PrincipalComponent], [InterestComponent], [PaymentMethod], [CreatedDate], [UpdatedDate]) VALUES (4, 4, 'LP00000004', '2024-02-04', 9000.00, 7200.00, 1800.00, 'AutoDebit', '2024-01-01 09:00:00.000', NULL);
INSERT INTO dbo.SRC_LoanPayments ([LoanPaymentID], [LoanID], [PaymentNumber], [PaymentDate], [PaymentAmount], [PrincipalComponent], [InterestComponent], [PaymentMethod], [CreatedDate], [UpdatedDate]) VALUES (5, 5, 'LP00000005', '2024-02-05', 10000.00, 8000.00, 2000.00, 'Cash', '2024-01-01 09:00:00.000', NULL);
INSERT INTO dbo.SRC_LoanPayments ([LoanPaymentID], [LoanID], [PaymentNumber], [PaymentDate], [PaymentAmount], [PrincipalComponent], [InterestComponent], [PaymentMethod], [CreatedDate], [UpdatedDate]) VALUES (6, 6, 'LP00000006', '2024-02-06', 11000.00, 8800.00, 2200.00, 'Cheque', '2024-01-01 09:00:00.000', NULL);
INSERT INTO dbo.SRC_LoanPayments ([LoanPaymentID], [LoanID], [PaymentNumber], [PaymentDate], [PaymentAmount], [PrincipalComponent], [InterestComponent], [PaymentMethod], [CreatedDate], [UpdatedDate]) VALUES (7, 1, 'LP00000007', '2024-02-07', 12000.00, 9600.00, 2400.00, 'Online', '2024-01-01 09:00:00.000', NULL);
INSERT INTO dbo.SRC_LoanPayments ([LoanPaymentID], [LoanID], [PaymentNumber], [PaymentDate], [PaymentAmount], [PrincipalComponent], [InterestComponent], [PaymentMethod], [CreatedDate], [UpdatedDate]) VALUES (8, 2, 'LP00000008', '2024-02-08', 13000.00, 10400.00, 2600.00, 'AutoDebit', '2024-01-01 09:00:00.000', NULL);
INSERT INTO dbo.SRC_LoanPayments ([LoanPaymentID], [LoanID], [PaymentNumber], [PaymentDate], [PaymentAmount], [PrincipalComponent], [InterestComponent], [PaymentMethod], [CreatedDate], [UpdatedDate]) VALUES (9, 3, 'LP00000009', '2024-02-09', 14000.00, 11200.00, 2800.00, 'Cash', '2024-01-01 09:00:00.000', NULL);
INSERT INTO dbo.SRC_LoanPayments ([LoanPaymentID], [LoanID], [PaymentNumber], [PaymentDate], [PaymentAmount], [PrincipalComponent], [InterestComponent], [PaymentMethod], [CreatedDate], [UpdatedDate]) VALUES (10, 4, 'LP00000010', '2024-02-10', 15000.00, 12000.00, 3000.00, 'Cheque', '2024-01-01 09:00:00.000', NULL);
INSERT INTO dbo.SRC_LoanPayments ([LoanPaymentID], [LoanID], [PaymentNumber], [PaymentDate], [PaymentAmount], [PrincipalComponent], [InterestComponent], [PaymentMethod], [CreatedDate], [UpdatedDate]) VALUES (11, 5, 'LP00000011', '2024-02-11', 16000.00, 12800.00, 3200.00, 'Online', '2024-01-01 09:00:00.000', NULL);
INSERT INTO dbo.SRC_LoanPayments ([LoanPaymentID], [LoanID], [PaymentNumber], [PaymentDate], [PaymentAmount], [PrincipalComponent], [InterestComponent], [PaymentMethod], [CreatedDate], [UpdatedDate]) VALUES (12, 6, 'LP00000012', '2024-02-12', 17000.00, 13600.00, 3400.00, 'AutoDebit', '2024-01-01 09:00:00.000', NULL);
INSERT INTO dbo.SRC_LoanPayments ([LoanPaymentID], [LoanID], [PaymentNumber], [PaymentDate], [PaymentAmount], [PrincipalComponent], [InterestComponent], [PaymentMethod], [CreatedDate], [UpdatedDate]) VALUES (13, 1, 'LP00000013', '2024-02-13', 18000.00, 14400.00, 3600.00, 'Cash', '2024-01-01 09:00:00.000', NULL);
INSERT INTO dbo.SRC_LoanPayments ([LoanPaymentID], [LoanID], [PaymentNumber], [PaymentDate], [PaymentAmount], [PrincipalComponent], [InterestComponent], [PaymentMethod], [CreatedDate], [UpdatedDate]) VALUES (14, 2, 'LP00000014', '2024-02-14', 19000.00, 15200.00, 3800.00, 'Cheque', '2024-01-01 09:00:00.000', NULL);
INSERT INTO dbo.SRC_LoanPayments ([LoanPaymentID], [LoanID], [PaymentNumber], [PaymentDate], [PaymentAmount], [PrincipalComponent], [InterestComponent], [PaymentMethod], [CreatedDate], [UpdatedDate]) VALUES (15, 3, 'LP00000015', '2024-02-15', 20000.00, 16000.00, 4000.00, 'Online', '2024-01-01 09:00:00.000', NULL);
INSERT INTO dbo.SRC_LoanPayments ([LoanPaymentID], [LoanID], [PaymentNumber], [PaymentDate], [PaymentAmount], [PrincipalComponent], [InterestComponent], [PaymentMethod], [CreatedDate], [UpdatedDate]) VALUES (16, 4, 'LP00000016', '2024-02-16', 21000.00, 16800.00, 4200.00, 'AutoDebit', '2024-01-01 09:00:00.000', NULL);
INSERT INTO dbo.SRC_LoanPayments ([LoanPaymentID], [LoanID], [PaymentNumber], [PaymentDate], [PaymentAmount], [PrincipalComponent], [InterestComponent], [PaymentMethod], [CreatedDate], [UpdatedDate]) VALUES (17, 5, 'LP00000017', '2024-02-17', 22000.00, 17600.00, 4400.00, 'Cash', '2024-01-01 09:00:00.000', NULL);
INSERT INTO dbo.SRC_LoanPayments ([LoanPaymentID], [LoanID], [PaymentNumber], [PaymentDate], [PaymentAmount], [PrincipalComponent], [InterestComponent], [PaymentMethod], [CreatedDate], [UpdatedDate]) VALUES (18, 6, 'LP00000018', '2024-02-18', 23000.00, 18400.00, 4600.00, 'Cheque', '2024-01-01 09:00:00.000', NULL);
INSERT INTO dbo.SRC_LoanPayments ([LoanPaymentID], [LoanID], [PaymentNumber], [PaymentDate], [PaymentAmount], [PrincipalComponent], [InterestComponent], [PaymentMethod], [CreatedDate], [UpdatedDate]) VALUES (19, 1, 'LP00000019', '2024-02-19', 24000.00, 19200.00, 4800.00, 'Online', '2024-01-01 09:00:00.000', NULL);
INSERT INTO dbo.SRC_LoanPayments ([LoanPaymentID], [LoanID], [PaymentNumber], [PaymentDate], [PaymentAmount], [PrincipalComponent], [InterestComponent], [PaymentMethod], [CreatedDate], [UpdatedDate]) VALUES (20, 2, 'LP00000020', '2024-02-20', 25000.00, 20000.00, 5000.00, 'AutoDebit', '2024-01-01 09:00:00.000', NULL);

GO

-- =====================================================================
-- STEP 3 : RUN load stored procedures (Source -> PreStaging -> Staging -> DWH)
-- =====================================================================
-- ---- Layer 1 : Source -> PreStaging ----
USE [Bank_PreStaging];
GO
EXEC dbo.usp_Load_PS_Branches;
EXEC dbo.usp_Load_PS_Customers;
EXEC dbo.usp_Load_PS_Accounts;
EXEC dbo.usp_Load_PS_Transactions;
EXEC dbo.usp_Load_PS_Employees;
EXEC dbo.usp_Load_PS_Loans;
EXEC dbo.usp_Load_PS_Cards;
EXEC dbo.usp_Load_PS_Merchants;
EXEC dbo.usp_Load_PS_CardTransactions;
EXEC dbo.usp_Load_PS_LoanPayments;
GO

-- ---- Layer 2 : PreStaging -> Staging ----
USE [Bank_Staging];
GO
EXEC dbo.usp_Load_STG_Branches;
EXEC dbo.usp_Load_STG_Customers;
EXEC dbo.usp_Load_STG_Accounts;
EXEC dbo.usp_Load_STG_Transactions;
EXEC dbo.usp_Load_STG_Employees;
EXEC dbo.usp_Load_STG_Loans;
EXEC dbo.usp_Load_STG_Cards;
EXEC dbo.usp_Load_STG_Merchants;
EXEC dbo.usp_Load_STG_CardTransactions;
EXEC dbo.usp_Load_STG_LoanPayments;
GO

-- ---- Layer 3 : Staging -> DWH ----
USE [Bank_DWH];
GO
EXEC dbo.usp_Load_DimBranch_Type2;
EXEC dbo.usp_Load_DimCustomer_Type2;
EXEC dbo.usp_Load_DimAccount_Type1;
EXEC dbo.usp_Load_FactTransaction;
EXEC dbo.usp_Load_DimEmployee_Type2;
EXEC dbo.usp_Load_DimLoan_Type2;
EXEC dbo.usp_Load_DimCard_Type1;
EXEC dbo.usp_Load_DimMerchant_Type1;
EXEC dbo.usp_Load_FactCardTransaction;
EXEC dbo.usp_Load_FactLoanPayment;
GO

PRINT 'Full reset & reload complete - all 4 layers reloaded from Source.';
GO