-- =====================================================================
-- FULL RESET & RELOAD  -  all 4 layers
-- Golden snapshot of source data  |  database: Bank_Source
-- Generated: 2026-07-17 00:34:25
-- Generated by GoldenTestData/generate_golden_data.py (READ-ONLY snapshot)
-- =====================================================================

-- Run this whole file in SSMS (or sqlcmd). It performs, in order:
--   STEP 1: DELETE all rows from every table in all 4 layers
--   STEP 2: INSERT the golden data back into the SOURCE tables
--   STEP 3: EXEC the load stored procedures (Source -> PreStaging ->
--           Staging -> DWH) so every layer is reloaded from Source.
--
-- SET XACT_ABORT ON stops the run on the first error so a half-load
-- can never happen.

SET XACT_ABORT ON;
SET NOCOUNT ON;
GO

-- =====================================================================
-- STEP 1 : DELETE all data from all 4 layers (children before parents)
-- =====================================================================
USE [Bank_DWH];
GO
DELETE FROM dbo.FactTransaction;
DELETE FROM dbo.DimAccount_Type1;
DELETE FROM dbo.DimBranch_Type2;
DELETE FROM dbo.DimCustomer_Type2;
GO

USE [Bank_Staging];
GO
DELETE FROM dbo.STG_Transactions;
DELETE FROM dbo.STG_Accounts;
DELETE FROM dbo.STG_Customers;
DELETE FROM dbo.STG_Branches;
GO

USE [Bank_PreStaging];
GO
DELETE FROM dbo.PS_Transactions;
DELETE FROM dbo.PS_Accounts;
DELETE FROM dbo.PS_Customers;
DELETE FROM dbo.PS_Branches;
GO

USE [Bank_Source];
GO
DELETE FROM dbo.SRC_Transactions;
DELETE FROM dbo.SRC_Accounts;
DELETE FROM dbo.SRC_Customers;
DELETE FROM dbo.SRC_Branches;
GO

-- =====================================================================
-- STEP 2 : INSERT golden data into the SOURCE tables (parents first)
-- =====================================================================
USE [Bank_Source];
GO
-- ---- dbo.SRC_Branches (5 row(s)) ----
INSERT INTO dbo.SRC_Branches ([BranchID], [BranchCode], [BranchName], [City], [StateName], [Country], [ManagerName], [CreatedDate], [UpdatedDate]) VALUES (101, 'BR001', 'Delhi Central Branch', 'Delhi', 'UP', 'India', 'Suresh Malhotra', '2022-01-01 09:00:00.000', NULL);
INSERT INTO dbo.SRC_Branches ([BranchID], [BranchCode], [BranchName], [City], [StateName], [Country], [ManagerName], [CreatedDate], [UpdatedDate]) VALUES (102, 'BR002', 'Mumbai Andheri Branch', 'Mumbai', 'Maharashtra', 'India', 'Anita Desai', '2022-01-05 09:00:00.000', NULL);
INSERT INTO dbo.SRC_Branches ([BranchID], [BranchCode], [BranchName], [City], [StateName], [Country], [ManagerName], [CreatedDate], [UpdatedDate]) VALUES (103, 'BR003', 'Kolkata Salt Lake Branch', 'Kolkata', 'West Bengal', 'India', 'Subhash Bose', '2022-01-10 09:00:00.000', NULL);
INSERT INTO dbo.SRC_Branches ([BranchID], [BranchCode], [BranchName], [City], [StateName], [Country], [ManagerName], [CreatedDate], [UpdatedDate]) VALUES (104, 'BR004', 'Hyderabad Jubilee Branch', 'Hyderabad', 'Telangana', 'India', 'Ramesh Rao', '2022-01-15 09:00:00.000', NULL);
INSERT INTO dbo.SRC_Branches ([BranchID], [BranchCode], [BranchName], [City], [StateName], [Country], [ManagerName], [CreatedDate], [UpdatedDate]) VALUES (105, 'BR005', 'Bengaluru Indiranagar', 'Bengaluru', 'Karnataka', 'India', 'Meera Iyer', '2022-01-20 09:00:00.000', NULL);

-- ---- dbo.SRC_Customers (10 row(s)) ----
INSERT INTO dbo.SRC_Customers ([CustomerID], [CustomerCode], [CustomerName], [DOB], [Gender], [Email], [Phone], [AddressLine], [City], [StateName], [Country], [CreatedDate], [UpdatedDate]) VALUES (1, 'CUST0001', 'Rahul Sharma', '1988-04-12', 'Male', 'abc_Test@gmail.com', '9876543210', 'A-101 Green Park', 'Delhi', 'Delhi', 'India', '2023-01-10 09:15:00.000', NULL);
INSERT INTO dbo.SRC_Customers ([CustomerID], [CustomerCode], [CustomerName], [DOB], [Gender], [Email], [Phone], [AddressLine], [City], [StateName], [Country], [CreatedDate], [UpdatedDate]) VALUES (2, 'CUST0002', 'Priya Verma', '1092-08-25', 'Female', 'priya.verma@email.com', '9876543211', 'B-202 Andheri East', 'Mumbai', 'Maharashtra', 'India', '2023-01-12 10:20:00.000', NULL);
INSERT INTO dbo.SRC_Customers ([CustomerID], [CustomerCode], [CustomerName], [DOB], [Gender], [Email], [Phone], [AddressLine], [City], [StateName], [Country], [CreatedDate], [UpdatedDate]) VALUES (3, 'CUST0003', 'Amit Kumar', '1985-11-03', 'Male', 'amit.kumar@email.com', '9876543212', 'C-303 Salt Lake', 'Kolkata', 'West Bengal', 'India', '2023-01-15 11:30:00.000', NULL);
INSERT INTO dbo.SRC_Customers ([CustomerID], [CustomerCode], [CustomerName], [DOB], [Gender], [Email], [Phone], [AddressLine], [City], [StateName], [Country], [CreatedDate], [UpdatedDate]) VALUES (4, 'CUST0004', 'Sneha Reddy', '1990-02-18', 'Female', 'sneha.reddy@email.com', '9876543213', 'D-404 Jubilee Hills', 'Hyderabad', 'Telangana', 'India', '2023-02-01 12:40:00.000', NULL);
INSERT INTO dbo.SRC_Customers ([CustomerID], [CustomerCode], [CustomerName], [DOB], [Gender], [Email], [Phone], [AddressLine], [City], [StateName], [Country], [CreatedDate], [UpdatedDate]) VALUES (5, 'CUST0005', 'Vikram Singh', '1979-06-30', 'Male', 'vikram.singh@email.com', '9876543214', 'E-505 Vaishali Nagar', 'Jaipur', 'Rajasthan', 'India', '2023-02-05 14:10:00.000', NULL);
INSERT INTO dbo.SRC_Customers ([CustomerID], [CustomerCode], [CustomerName], [DOB], [Gender], [Email], [Phone], [AddressLine], [City], [StateName], [Country], [CreatedDate], [UpdatedDate]) VALUES (6, 'CUST0006', 'Neha Gupta', '1995-09-14', 'Female', 'neha.gupta@email.com', '9876543215', 'F-606 Indiranagar', 'Bengaluru', 'Karnataka', 'India', '2023-02-10 15:25:00.000', NULL);
INSERT INTO dbo.SRC_Customers ([CustomerID], [CustomerCode], [CustomerName], [DOB], [Gender], [Email], [Phone], [AddressLine], [City], [StateName], [Country], [CreatedDate], [UpdatedDate]) VALUES (7, 'CUST0007', 'Arjun Mehta', '1983-12-09', 'Male', 'arjun.mehta@email.com', '9876543216', 'G-707 Model Town', 'Chandigarh', 'Chandigarh', 'India', '2023-03-02 16:35:00.000', NULL);
INSERT INTO dbo.SRC_Customers ([CustomerID], [CustomerCode], [CustomerName], [DOB], [Gender], [Email], [Phone], [AddressLine], [City], [StateName], [Country], [CreatedDate], [UpdatedDate]) VALUES (8, 'CUST0008', 'Kavita Joshi', '1991-01-21', 'Female', 'kavita.joshi@email.com', '9876543217', 'H-808 Kothrud', 'Pune', 'Maharashtra', 'India', '2023-03-07 17:45:00.000', NULL);
INSERT INTO dbo.SRC_Customers ([CustomerID], [CustomerCode], [CustomerName], [DOB], [Gender], [Email], [Phone], [AddressLine], [City], [StateName], [Country], [CreatedDate], [UpdatedDate]) VALUES (9, 'CUST0009', 'Manish Agarwal', '1987-07-07', 'Male', 'manish.agarwal@email.com', '9876543218', 'I-909 Civil Lines', 'Lucknow', 'Uttar Pradesh', 'India', '2023-03-11 09:50:00.000', NULL);
INSERT INTO dbo.SRC_Customers ([CustomerID], [CustomerCode], [CustomerName], [DOB], [Gender], [Email], [Phone], [AddressLine], [City], [StateName], [Country], [CreatedDate], [UpdatedDate]) VALUES (10, 'CUST0010', 'Pooja Nair', '1993-05-19', 'Female', 'pooja.nair@email.com', '9876543219', 'J-110 MG Road', 'Kochi', 'Kerala', 'India', '2023-03-20 10:55:00.000', NULL);

-- ---- dbo.SRC_Accounts (10 row(s)) ----
INSERT INTO dbo.SRC_Accounts ([AccountID], [AccountNumber], [CustomerID], [AccountType], [OpenDate], [CloseDate], [Status], [Balance], [CurrencyCode], [CreatedDate], [UpdatedDate]) VALUES (1001, 'AC0000001001', 1, 'Savings', '2023-01-11', NULL, 'Active', 25000.00, 'INR', '2023-01-11 09:30:00.000', NULL);
INSERT INTO dbo.SRC_Accounts ([AccountID], [AccountNumber], [CustomerID], [AccountType], [OpenDate], [CloseDate], [Status], [Balance], [CurrencyCode], [CreatedDate], [UpdatedDate]) VALUES (1002, 'AC0000001002', 2, 'Current', '2023-01-23', NULL, 'Active', 100.00, 'INR', '2023-01-13 10:30:00.000', NULL);
INSERT INTO dbo.SRC_Accounts ([AccountID], [AccountNumber], [CustomerID], [AccountType], [OpenDate], [CloseDate], [Status], [Balance], [CurrencyCode], [CreatedDate], [UpdatedDate]) VALUES (1003, 'AC0000001003', 3, 'Savings', '2023-01-16', NULL, 'Active', 15000.75, 'INR', '2023-01-16 11:30:00.000', NULL);
INSERT INTO dbo.SRC_Accounts ([AccountID], [AccountNumber], [CustomerID], [AccountType], [OpenDate], [CloseDate], [Status], [Balance], [CurrencyCode], [CreatedDate], [UpdatedDate]) VALUES (1004, 'AC0000001004', 4, 'Salary', '2023-02-02', NULL, 'Active', 55000.00, 'INR', '2023-02-02 12:30:00.000', NULL);
INSERT INTO dbo.SRC_Accounts ([AccountID], [AccountNumber], [CustomerID], [AccountType], [OpenDate], [CloseDate], [Status], [Balance], [CurrencyCode], [CreatedDate], [UpdatedDate]) VALUES (1005, 'AC0000001005', 5, 'Savings', '2023-02-06', NULL, 'Active', 125000.25, 'INR', '2023-02-06 13:30:00.000', NULL);
INSERT INTO dbo.SRC_Accounts ([AccountID], [AccountNumber], [CustomerID], [AccountType], [OpenDate], [CloseDate], [Status], [Balance], [CurrencyCode], [CreatedDate], [UpdatedDate]) VALUES (1006, 'AC0000001006', 6, 'Current', '2023-02-11', NULL, 'Active', 300000.00, 'INR', '2023-02-11 14:30:00.000', NULL);
INSERT INTO dbo.SRC_Accounts ([AccountID], [AccountNumber], [CustomerID], [AccountType], [OpenDate], [CloseDate], [Status], [Balance], [CurrencyCode], [CreatedDate], [UpdatedDate]) VALUES (1007, 'AC0000001007', 7, 'Savings', '2023-03-03', NULL, 'Active', 48000.00, 'INR', '2023-03-03 15:30:00.000', NULL);
INSERT INTO dbo.SRC_Accounts ([AccountID], [AccountNumber], [CustomerID], [AccountType], [OpenDate], [CloseDate], [Status], [Balance], [CurrencyCode], [CreatedDate], [UpdatedDate]) VALUES (1008, 'AC0000001008', 8, 'Salary', '2023-03-08', NULL, 'Active', 72000.00, 'INR', '2023-03-08 16:30:00.000', NULL);
INSERT INTO dbo.SRC_Accounts ([AccountID], [AccountNumber], [CustomerID], [AccountType], [OpenDate], [CloseDate], [Status], [Balance], [CurrencyCode], [CreatedDate], [UpdatedDate]) VALUES (1009, 'AC0000001009', 9, 'Savings', '2023-03-12', NULL, 'Active', 9800.00, 'INR', '2023-03-12 17:30:00.000', NULL);
INSERT INTO dbo.SRC_Accounts ([AccountID], [AccountNumber], [CustomerID], [AccountType], [OpenDate], [CloseDate], [Status], [Balance], [CurrencyCode], [CreatedDate], [UpdatedDate]) VALUES (1010, 'AC0000001010', 10, 'Current', '2023-03-21', NULL, 'Active', 215000.00, 'INR', '2023-03-21 18:30:00.000', NULL);

-- ---- dbo.SRC_Transactions (20 row(s)) ----
INSERT INTO dbo.SRC_Transactions ([TransactionID], [TransactionNumber], [AccountID], [BranchID], [TransactionDate], [TransactionType], [Amount], [CurrencyCode], [Description], [CreatedDate]) VALUES (50001, 'TXN202301110001', 1001, 101, '2023-01-11 10:00:00.000', 'Credit', 25000.00, 'INR', 'Initial deposit', '2023-01-11 10:01:00.000');
INSERT INTO dbo.SRC_Transactions ([TransactionID], [TransactionNumber], [AccountID], [BranchID], [TransactionDate], [TransactionType], [Amount], [CurrencyCode], [Description], [CreatedDate]) VALUES (50002, 'TXN202301130001', 1002, 102, '2023-01-13 11:00:00.000', 'Credit', 85000.50, 'INR', 'Business account deposit', '2023-01-13 11:01:00.000');
INSERT INTO dbo.SRC_Transactions ([TransactionID], [TransactionNumber], [AccountID], [BranchID], [TransactionDate], [TransactionType], [Amount], [CurrencyCode], [Description], [CreatedDate]) VALUES (50003, 'TXN202301160001', 1003, 103, '2023-01-16 12:00:00.000', 'Credit', 15000.75, 'INR', 'Cash deposit', '2023-01-16 12:01:00.000');
INSERT INTO dbo.SRC_Transactions ([TransactionID], [TransactionNumber], [AccountID], [BranchID], [TransactionDate], [TransactionType], [Amount], [CurrencyCode], [Description], [CreatedDate]) VALUES (50004, 'TXN202302020001', 1004, 104, '2023-02-02 13:00:00.000', 'Credit', 55000.00, 'INR', 'Salary credit', '2023-02-02 13:01:00.000');
INSERT INTO dbo.SRC_Transactions ([TransactionID], [TransactionNumber], [AccountID], [BranchID], [TransactionDate], [TransactionType], [Amount], [CurrencyCode], [Description], [CreatedDate]) VALUES (50005, 'TXN202302060001', 1005, 101, '2023-02-06 14:00:00.000', 'Credit', 125000.25, 'INR', 'FD maturity credit', '2023-02-06 14:01:00.000');
INSERT INTO dbo.SRC_Transactions ([TransactionID], [TransactionNumber], [AccountID], [BranchID], [TransactionDate], [TransactionType], [Amount], [CurrencyCode], [Description], [CreatedDate]) VALUES (50006, 'TXN202302110001', 1006, 105, '2023-02-11 15:00:00.000', 'Credit', 300000.00, 'INR', 'Corporate deposit', '2023-02-11 15:01:00.000');
INSERT INTO dbo.SRC_Transactions ([TransactionID], [TransactionNumber], [AccountID], [BranchID], [TransactionDate], [TransactionType], [Amount], [CurrencyCode], [Description], [CreatedDate]) VALUES (50007, 'TXN202303030001', 1007, 101, '2023-03-03 16:00:00.000', 'Credit', 48000.00, 'INR', 'Savings deposit', '2023-03-03 16:01:00.000');
INSERT INTO dbo.SRC_Transactions ([TransactionID], [TransactionNumber], [AccountID], [BranchID], [TransactionDate], [TransactionType], [Amount], [CurrencyCode], [Description], [CreatedDate]) VALUES (50008, 'TXN202303080001', 1008, 102, '2023-03-08 17:00:00.000', 'Credit', 72000.00, 'INR', 'Salary credit', '2023-03-08 17:01:00.000');
INSERT INTO dbo.SRC_Transactions ([TransactionID], [TransactionNumber], [AccountID], [BranchID], [TransactionDate], [TransactionType], [Amount], [CurrencyCode], [Description], [CreatedDate]) VALUES (50009, 'TXN202303120001', 1009, 103, '2023-03-12 18:00:00.000', 'Credit', 9800.00, 'INR', 'Cash deposit', '2023-03-12 18:01:00.000');
INSERT INTO dbo.SRC_Transactions ([TransactionID], [TransactionNumber], [AccountID], [BranchID], [TransactionDate], [TransactionType], [Amount], [CurrencyCode], [Description], [CreatedDate]) VALUES (50010, 'TXN202303210001', 1010, 104, '2023-03-21 19:00:00.000', 'Credit', 215000.00, 'INR', 'Business deposit', '2023-03-21 19:01:00.000');
INSERT INTO dbo.SRC_Transactions ([TransactionID], [TransactionNumber], [AccountID], [BranchID], [TransactionDate], [TransactionType], [Amount], [CurrencyCode], [Description], [CreatedDate]) VALUES (50011, 'TXN202304010001', 1001, 101, '2023-04-01 09:00:00.000', 'Debit', 3500.00, 'INR', 'ATM withdrawal', '2023-04-01 09:01:00.000');
INSERT INTO dbo.SRC_Transactions ([TransactionID], [TransactionNumber], [AccountID], [BranchID], [TransactionDate], [TransactionType], [Amount], [CurrencyCode], [Description], [CreatedDate]) VALUES (50012, 'TXN202304020001', 1002, 102, '2023-04-02 10:00:00.000', 'Debit', 12000.00, 'INR', 'Vendor payment', '2023-04-02 10:01:00.000');
INSERT INTO dbo.SRC_Transactions ([TransactionID], [TransactionNumber], [AccountID], [BranchID], [TransactionDate], [TransactionType], [Amount], [CurrencyCode], [Description], [CreatedDate]) VALUES (50013, 'TXN202304030001', 1003, 103, '2023-04-03 11:00:00.000', 'Debit', 2500.00, 'INR', 'UPI payment', '2023-04-03 11:01:00.000');
INSERT INTO dbo.SRC_Transactions ([TransactionID], [TransactionNumber], [AccountID], [BranchID], [TransactionDate], [TransactionType], [Amount], [CurrencyCode], [Description], [CreatedDate]) VALUES (50014, 'TXN202304040001', 1004, 104, '2023-04-04 12:00:00.000', 'Debit', 7800.00, 'INR', 'Online shopping', '2023-04-04 12:01:00.000');
INSERT INTO dbo.SRC_Transactions ([TransactionID], [TransactionNumber], [AccountID], [BranchID], [TransactionDate], [TransactionType], [Amount], [CurrencyCode], [Description], [CreatedDate]) VALUES (50015, 'TXN202304050001', 1005, 101, '2023-04-05 13:00:00.000', 'Credit', 20000.00, 'INR', 'Interest credit', '2023-04-05 13:01:00.000');
INSERT INTO dbo.SRC_Transactions ([TransactionID], [TransactionNumber], [AccountID], [BranchID], [TransactionDate], [TransactionType], [Amount], [CurrencyCode], [Description], [CreatedDate]) VALUES (50016, 'TXN202304060001', 1006, 105, '2023-04-06 14:00:00.000', 'Debit', 45000.00, 'INR', 'Supplier payment', '2023-04-06 14:01:00.000');
INSERT INTO dbo.SRC_Transactions ([TransactionID], [TransactionNumber], [AccountID], [BranchID], [TransactionDate], [TransactionType], [Amount], [CurrencyCode], [Description], [CreatedDate]) VALUES (50017, 'TXN202304070001', 1007, 101, '2023-04-07 15:00:00.000', 'Debit', 5100.00, 'INR', 'Card payment', '2023-04-07 15:01:00.000');
INSERT INTO dbo.SRC_Transactions ([TransactionID], [TransactionNumber], [AccountID], [BranchID], [TransactionDate], [TransactionType], [Amount], [CurrencyCode], [Description], [CreatedDate]) VALUES (50018, 'TXN202304080001', 1008, 102, '2023-04-08 16:00:00.000', 'Credit', 72000.00, 'INR', 'Monthly salary credit', '2023-04-08 16:01:00.000');
INSERT INTO dbo.SRC_Transactions ([TransactionID], [TransactionNumber], [AccountID], [BranchID], [TransactionDate], [TransactionType], [Amount], [CurrencyCode], [Description], [CreatedDate]) VALUES (50019, 'TXN202304090001', 1009, 103, '2023-04-09 17:00:00.000', 'Debit', 1800.00, 'INR', 'Mobile recharge', '2023-04-09 17:01:00.000');
INSERT INTO dbo.SRC_Transactions ([TransactionID], [TransactionNumber], [AccountID], [BranchID], [TransactionDate], [TransactionType], [Amount], [CurrencyCode], [Description], [CreatedDate]) VALUES (50020, 'TXN202304100001', 1010, 104, '2023-04-10 18:00:00.000', 'Debit', 30000.00, 'INR', 'Office rent payment', '2023-04-10 18:01:00.000');

GO

-- =====================================================================
-- STEP 3 : RUN load stored procedures (Source -> PreStaging -> Staging -> DWH)
-- =====================================================================
-- ---- Layer 1 : Source -> PreStaging ----
USE [Bank_PreStaging];
GO
EXEC dbo.usp_Load_PS_Branches;
EXEC dbo.usp_Load_PS_Customers;
EXEC dbo.usp_Load_PS_Accounts;
EXEC dbo.usp_Load_PS_Transactions;
GO

-- ---- Layer 2 : PreStaging -> Staging ----
USE [Bank_Staging];
GO
EXEC dbo.usp_Load_STG_Branches;
EXEC dbo.usp_Load_STG_Customers;
EXEC dbo.usp_Load_STG_Accounts;
EXEC dbo.usp_Load_STG_Transactions;
GO

-- ---- Layer 3 : Staging -> DWH ----
USE [Bank_DWH];
GO
EXEC dbo.usp_Load_DimBranch_Type2;
EXEC dbo.usp_Load_DimCustomer_Type2;
EXEC dbo.usp_Load_DimAccount_Type1;
EXEC dbo.usp_Load_FactTransaction;
GO

PRINT 'Full reset & reload complete - all 4 layers reloaded from Source.';
GO